2025-09-04 04:14:06.068613,1756955646.068614,can1,0x70A,0,1,7f
2025-09-04 04:14:07.068790,1756955647.068790,can1,0x70A,0,1,7f
2025-09-04 04:14:08.068881,1756955648.068881,can1,0x70A,0,1,7f
2025-09-04 04:14:09.069083,1756955649.069084,can1,0x70A,0,1,7f
2025-09-04 04:14:10.069135,1756955650.069135,can1,0x70A,0,1,7f
2025-09-04 04:14:11.069165,1756955651.069165,can1,0x70A,0,1,7f
2025-09-04 04:14:12.069206,1756955652.069207,can1,0x70A,0,1,7f
2025-09-04 04:14:13.069247,1756955653.069248,can1,0x70A,0,1,7f
2025-09-04 04:14:13.599617,1756955653.599617,can1,0x701,0,1,05
2025-09-04 04:14:13.603308,1756955653.603308,can1,0x000,0,2,010a
2025-09-04 04:14:13.612991,1756955653.612992,can1,0x08A,0,8,0000000000000000
2025-09-04 04:14:13.613194,1756955653.613194,can1,0x08A,0,8,0000000000000000
2025-09-04 04:14:13.669466,1756955653.669466,can1,0x18A,0,8,7c13464e70000000
2025-09-04 04:14:13.699698,1756955653.699699,can1,0x701,0,1,05
2025-09-04 04:14:13.799723,1756955653.799723,can1,0x701,0,1,05
2025-09-04 04:14:13.869455,1756955653.869456,can1,0x18A,0,8,7c13444e70000000
2025-09-04 04:14:13.899758,1756955653.899758,can1,0x701,0,1,05
2025-09-04 04:14:13.999795,1756955653.999795,can1,0x701,0,1,05
2025-09-04 04:14:14.069235,1756955654.069235,can1,0x70A,0,1,05
2025-09-04 04:14:14.069446,1756955654.069447,can1,0x28A,0,8,0000000000000000
2025-09-04 04:14:14.069699,1756955654.069700,can1,0x38A,0,8,00000000b107ff00
2025-09-04 04:14:14.071054,1756955654.071054,can1,0x18A,0,8,7c13454e70000000
2025-09-04 04:14:14.099817,1756955654.099818,can1,0x701,0,1,05
2025-09-04 04:14:14.199834,1756955654.199835,can1,0x701,0,1,05
2025-09-04 04:14:14.269486,1756955654.269486,can1,0x18A,0,8,7c13444e70000000
2025-09-04 04:14:14.300347,1756955654.300348,can1,0x701,0,1,05
2025-09-04 04:14:14.399904,1756955654.399904,can1,0x701,0,1,05
2025-09-04 04:14:14.469477,1756955654.469478,can1,0x18A,0,8,7c13454e70000000
2025-09-04 04:14:14.499926,1756955654.499927,can1,0x701,0,1,05
2025-09-04 04:14:14.599975,1756955654.599976,can1,0x701,0,1,05
2025-09-04 04:14:14.604807,1756955654.604808,can1,0x20A,0,8,004c010052a00001
2025-09-04 04:14:14.605229,1756955654.605230,can1,0x30A,0,8,00000000004e3002
2025-09-04 04:14:14.669457,1756955654.669458,can1,0x18A,0,8,7b13464e70000000
2025-09-04 04:14:14.700004,1756955654.700004,can1,0x701,0,1,05
2025-09-04 04:14:14.800141,1756955654.800141,can1,0x701,0,1,05
2025-09-04 04:14:14.855020,1756955654.855021,can1,0x20A,0,8,004c010052a00001
2025-09-04 04:14:14.855420,1756955654.855421,can1,0x30A,0,8,00000000004e3002
2025-09-04 04:14:14.869522,1756955654.869522,can1,0x18A,0,8,7b13464e70000000
2025-09-04 04:14:14.900144,1756955654.900145,can1,0x701,0,1,05
2025-09-04 04:14:15.000138,1756955655.000138,can1,0x701,0,1,05
2025-09-04 04:14:15.069308,1756955655.069308,can1,0x70A,0,1,05
2025-09-04 04:14:15.069520,1756955655.069520,can1,0x28A,0,8,0000000000000000
2025-09-04 04:14:15.069760,1756955655.069760,can1,0x38A,0,8,00000000b407ff00
2025-09-04 04:14:15.071023,1756955655.071024,can1,0x18A,0,8,7b13454e70000000
2025-09-04 04:14:15.100167,1756955655.100167,can1,0x701,0,1,05
2025-09-04 04:14:15.104871,1756955655.104871,can1,0x20A,0,8,004c010052a00001
2025-09-04 04:14:15.105287,1756955655.105288,can1,0x30A,0,8,00000000004e3002
2025-09-04 04:14:15.200214,1756955655.200215,can1,0x701,0,1,05
2025-09-04 04:14:15.269490,1756955655.269491,can1,0x18A,0,8,7b13454e70000000
2025-09-04 04:14:15.300306,1756955655.300306,can1,0x701,0,1,05
2025-09-04 04:14:15.354828,1756955655.354829,can1,0x20A,0,8,004c010052a00001
2025-09-04 04:14:15.355231,1756955655.355232,can1,0x30A,0,8,00000000004e3002
2025-09-04 04:14:15.400385,1756955655.400386,can1,0x701,0,1,05
2025-09-04 04:14:15.469524,1756955655.469525,can1,0x18A,0,8,7b13464e70000000
2025-09-04 04:14:15.500320,1756955655.500320,can1,0x701,0,1,05
2025-09-04 04:14:15.600344,1756955655.600345,can1,0x701,0,1,05
2025-09-04 04:14:15.604990,1756955655.604990,can1,0x20A,0,8,004c010052a00001
2025-09-04 04:14:15.605399,1756955655.605399,can1,0x30A,0,8,00000000004e3002
2025-09-04 04:14:15.669505,1756955655.669505,can1,0x18A,0,8,7b13454e70000000
2025-09-04 04:14:15.700393,1756955655.700393,can1,0x701,0,1,05
2025-09-04 04:14:15.800405,1756955655.800406,can1,0x701,0,1,05
2025-09-04 04:14:15.854984,1756955655.854984,can1,0x20A,0,8,004c010052a00001
2025-09-04 04:14:15.855376,1756955655.855377,can1,0x30A,0,8,00000000004e3002
2025-09-04 04:14:15.869386,1756955655.869386,can1,0x18A,0,8,7b13444e70000000
2025-09-04 04:14:15.900429,1756955655.900429,can1,0x701,0,1,05
2025-09-04 04:14:16.000447,1756955656.000447,can1,0x701,0,1,05
2025-09-04 04:14:16.069273,1756955656.069274,can1,0x70A,0,1,05
2025-09-04 04:14:16.069490,1756955656.069490,can1,0x28A,0,8,0000000000000000
2025-09-04 04:14:16.071010,1756955656.071011,can1,0x38A,0,8,00000000b907ff00
2025-09-04 04:14:16.071224,1756955656.071224,can1,0x18A,0,8,7b13454e70000000
2025-09-04 04:14:16.100510,1756955656.100511,can1,0x701,0,1,05
2025-09-04 04:14:16.104759,1756955656.104759,can1,0x20A,0,8,004c010052a00001
2025-09-04 04:14:16.105140,1756955656.105140,can1,0x30A,0,8,00000000004e3002
2025-09-04 04:14:16.200498,1756955656.200498,can1,0x701,0,1,05
2025-09-04 04:14:16.269467,1756955656.269467,can1,0x18A,0,8,7b13454e70000000
2025-09-04 04:14:16.300539,1756955656.300539,can1,0x701,0,1,05
2025-09-04 04:14:16.354882,1756955656.354883,can1,0x20A,0,8,004c010052a00001
2025-09-04 04:14:16.355280,1756955656.355280,can1,0x30A,0,8,00000000004e3002
2025-09-04 04:14:16.400558,1756955656.400559,can1,0x701,0,1,05
2025-09-04 04:14:16.469431,1756955656.469432,can1,0x18A,0,8,7b13454e70000000
2025-09-04 04:14:16.500586,1756955656.500586,can1,0x701,0,1,05
2025-09-04 04:14:16.600613,1756955656.600614,can1,0x701,0,1,05
2025-09-04 04:14:16.604783,1756955656.604784,can1,0x20A,0,8,004c010052a00001
2025-09-04 04:14:16.605194,1756955656.605194,can1,0x30A,0,8,00000000004e3002
2025-09-04 04:14:16.669523,1756955656.669523,can1,0x18A,0,8,7b13464e70000000
2025-09-04 04:14:16.700632,1756955656.700633,can1,0x701,0,1,05
2025-09-04 04:14:16.800667,1756955656.800668,can1,0x701,0,1,05
2025-09-04 04:14:16.854877,1756955656.854878,can1,0x20A,0,8,004c010052a00001
2025-09-04 04:14:16.855277,1756955656.855277,can1,0x30A,0,8,00000000004e3002
2025-09-04 04:14:16.869518,1756955656.869519,can1,0x18A,0,8,7b13464e70000000
2025-09-04 04:14:16.900693,1756955656.900693,can1,0x701,0,1,05
2025-09-04 04:14:17.000881,1756955657.000882,can1,0x701,0,1,05
2025-09-04 04:14:17.069386,1756955657.069387,can1,0x70A,0,1,05
2025-09-04 04:14:17.069576,1756955657.069577,can1,0x28A,0,8,0000000000000000
2025-09-04 04:14:17.069819,1756955657.069819,can1,0x38A,0,8,00000000bd07ff00
2025-09-04 04:14:17.071198,1756955657.071198,can1,0x18A,0,8,7b13454e70000000
2025-09-04 04:14:17.100908,1756955657.100908,can1,0x701,0,1,05
2025-09-04 04:14:17.105175,1756955657.105176,can1,0x20A,0,8,004c010052a00001
2025-09-04 04:14:17.105626,1756955657.105626,can1,0x30A,0,8,00000000004e3002
2025-09-04 04:14:17.200879,1756955657.200879,can1,0x701,0,1,05
2025-09-04 04:14:17.269588,1756955657.269589,can1,0x18A,0,8,7b13444e70000000
2025-09-04 04:14:17.300918,1756955657.300919,can1,0x701,0,1,05
2025-09-04 04:14:17.354842,1756955657.354843,can1,0x20A,0,8,004c010052a00001
2025-09-04 04:14:17.355259,1756955657.355259,can1,0x30A,0,8,00000000004e3002
2025-09-04 04:14:17.400933,1756955657.400934,can1,0x701,0,1,05
2025-09-04 04:14:17.469565,1756955657.469566,can1,0x18A,0,8,7b13464e70000000
2025-09-04 04:14:17.500964,1756955657.500965,can1,0x701,0,1,05
2025-09-04 04:14:17.600993,1756955657.600993,can1,0x701,0,1,05
2025-09-04 04:14:17.604850,1756955657.604850,can1,0x20A,0,8,004c010052a00001
2025-09-04 04:14:17.605257,1756955657.605258,can1,0x30A,0,8,00000000004e3002
2025-09-04 04:14:17.669578,1756955657.669578,can1,0x18A,0,8,7b13454e70000000
2025-09-04 04:14:17.701089,1756955657.701089,can1,0x701,0,1,05
2025-09-04 04:14:17.801091,1756955657.801092,can1,0x701,0,1,05
2025-09-04 04:14:17.854596,1756955657.854596,can1,0x20A,0,8,004c010052a00001
2025-09-04 04:14:17.854991,1756955657.854992,can1,0x30A,0,8,00000000004e3002
2025-09-04 04:14:17.869604,1756955657.869604,can1,0x18A,0,8,7b13454e70000000
2025-09-04 04:14:17.901106,1756955657.901107,can1,0x701,0,1,05
2025-09-04 04:14:18.001135,1756955658.001136,can1,0x701,0,1,05
2025-09-04 04:14:18.069408,1756955658.069409,can1,0x70A,0,1,05
2025-09-04 04:14:18.069612,1756955658.069613,can1,0x28A,0,8,0000000000000000
2025-09-04 04:14:18.069871,1756955658.069871,can1,0x38A,0,8,00000000be07ff00
2025-09-04 04:14:18.071264,1756955658.071265,can1,0x18A,0,8,7b13464e70000000
2025-09-04 04:14:18.101184,1756955658.101184,can1,0x701,0,1,05
2025-09-04 04:14:18.104819,1756955658.104819,can1,0x20A,0,8,004c010052a00001
2025-09-04 04:14:18.105231,1756955658.105231,can1,0x30A,0,8,00000000004e3002
2025-09-04 04:14:18.201261,1756955658.201262,can1,0x701,0,1,05
2025-09-04 04:14:18.269557,1756955658.269558,can1,0x18A,0,8,7c13454e70000000
2025-09-04 04:14:18.301264,1756955658.301265,can1,0x701,0,1,05
2025-09-04 04:14:18.354947,1756955658.354948,can1,0x20A,0,8,004c010052a00001
2025-09-04 04:14:18.355355,1756955658.355355,can1,0x30A,0,8,00000000004e3002
2025-09-04 04:14:18.401277,1756955658.401277,can1,0x701,0,1,05
2025-09-04 04:14:18.469640,1756955658.469640,can1,0x18A,0,8,7c13464e70000000
2025-09-04 04:14:18.501313,1756955658.501314,can1,0x701,0,1,05
2025-09-04 04:14:18.601327,1756955658.601328,can1,0x701,0,1,05
2025-09-04 04:14:18.604768,1756955658.604768,can1,0x20A,0,8,004c010052a00001
2025-09-04 04:14:18.605177,1756955658.605178,can1,0x30A,0,8,00000000004e3002
2025-09-04 04:14:18.669631,1756955658.669631,can1,0x18A,0,8,7c13474e70000000
2025-09-04 04:14:18.701367,1756955658.701367,can1,0x701,0,1,05
2025-09-04 04:14:18.801412,1756955658.801413,can1,0x701,0,1,05
2025-09-04 04:14:18.854848,1756955658.854848,can1,0x20A,0,8,004c010052a00001
2025-09-04 04:14:18.855264,1756955658.855264,can1,0x30A,0,8,00000000004e3002
2025-09-04 04:14:18.869579,1756955658.869579,can1,0x18A,0,8,7c13444e70000000
2025-09-04 04:14:18.901444,1756955658.901444,can1,0x701,0,1,05
2025-09-04 04:14:19.001467,1756955659.001467,can1,0x701,0,1,05
2025-09-04 04:14:19.069444,1756955659.069444,can1,0x70A,0,1,05
2025-09-04 04:14:19.069674,1756955659.069675,can1,0x28A,0,8,0000000000000000
2025-09-04 04:14:19.069932,1756955659.069932,can1,0x38A,0,8,00000000bf07ff00
2025-09-04 04:14:19.071312,1756955659.071313,can1,0x18A,0,8,7c13464e70000000
2025-09-04 04:14:19.101503,1756955659.101503,can1,0x701,0,1,05
2025-09-04 04:14:19.104746,1756955659.104747,can1,0x20A,0,8,004c010052a00001
2025-09-04 04:14:19.105120,1756955659.105121,can1,0x30A,0,8,00000000004e3002
2025-09-04 04:14:19.201518,1756955659.201518,can1,0x701,0,1,05
2025-09-04 04:14:19.269673,1756955659.269673,can1,0x18A,0,8,7b13444e70000000
2025-09-04 04:14:19.301555,1756955659.301555,can1,0x701,0,1,05
2025-09-04 04:14:19.355074,1756955659.355075,can1,0x20A,0,8,004c010052a00001
2025-09-04 04:14:19.355484,1756955659.355484,can1,0x30A,0,8,00000000004e3002
2025-09-04 04:14:19.401590,1756955659.401591,can1,0x701,0,1,05
2025-09-04 04:14:19.469615,1756955659.469615,can1,0x18A,0,8,7b13454e70000000
2025-09-04 04:14:19.501614,1756955659.501614,can1,0x701,0,1,05
2025-09-04 04:14:19.601642,1756955659.601643,can1,0x701,0,1,05
2025-09-04 04:14:19.604773,1756955659.604773,can1,0x20A,0,8,004c010052a00001
2025-09-04 04:14:19.605166,1756955659.605166,can1,0x30A,0,8,00000000004e3002
2025-09-04 04:14:19.669661,1756955659.669661,can1,0x18A,0,8,7b13464e70000000
2025-09-04 04:14:19.701653,1756955659.701654,can1,0x701,0,1,05
2025-09-04 04:14:19.801801,1756955659.801801,can1,0x701,0,1,05
2025-09-04 04:14:19.854608,1756955659.854609,can1,0x20A,0,8,004c010052a00001
2025-09-04 04:14:19.855018,1756955659.855018,can1,0x30A,0,8,00000000004e3002
2025-09-04 04:14:19.869687,1756955659.869687,can1,0x18A,0,8,7c13464e70000000
2025-09-04 04:14:19.901769,1756955659.901770,can1,0x701,0,1,05
2025-09-04 04:14:20.001776,1756955660.001777,can1,0x701,0,1,05
2025-09-04 04:14:20.069529,1756955660.069529,can1,0x70A,0,1,05
2025-09-04 04:14:20.069728,1756955660.069728,can1,0x28A,0,8,0000000000000000
2025-09-04 04:14:20.071304,1756955660.071304,can1,0x38A,0,8,00000000bc07ff00
2025-09-04 04:14:20.071469,1756955660.071469,can1,0x18A,0,8,7b13464e70000000
2025-09-04 04:14:20.101880,1756955660.101880,can1,0x701,0,1,05
2025-09-04 04:14:20.105376,1756955660.105377,can1,0x20A,0,8,004c010052a00001
2025-09-04 04:14:20.105751,1756955660.105752,can1,0x30A,0,8,00000000004e3002
2025-09-04 04:14:20.201874,1756955660.201874,can1,0x701,0,1,05
2025-09-04 04:14:20.269738,1756955660.269738,can1,0x18A,0,8,7c13444e70000000
2025-09-04 04:14:20.301907,1756955660.301908,can1,0x701,0,1,05
2025-09-04 04:14:20.355173,1756955660.355173,can1,0x20A,0,8,004c010052a00001
2025-09-04 04:14:20.355601,1756955660.355601,can1,0x30A,0,8,00000000004e3002
2025-09-04 04:14:20.401934,1756955660.401934,can1,0x701,0,1,05
2025-09-04 04:14:20.471110,1756955660.471110,can1,0x18A,0,8,7c13464e70000000
2025-09-04 04:14:20.501965,1756955660.501965,can1,0x701,0,1,05
2025-09-04 04:14:20.601982,1756955660.601983,can1,0x701,0,1,05
2025-09-04 04:14:20.604640,1756955660.604640,can1,0x20A,0,8,004c010052a00001
2025-09-04 04:14:20.605068,1756955660.605068,can1,0x30A,0,8,00000000004e3002
2025-09-04 04:14:20.671174,1756955660.671174,can1,0x18A,0,8,7c13464e70000000
2025-09-04 04:14:20.702016,1756955660.702016,can1,0x701,0,1,05
2025-09-04 04:14:20.802044,1756955660.802044,can1,0x701,0,1,05
2025-09-04 04:14:20.854862,1756955660.854863,can1,0x20A,0,8,004c010052a00001
2025-09-04 04:14:20.855269,1756955660.855270,can1,0x30A,0,8,00000000004e3002
2025-09-04 04:14:20.871171,1756955660.871171,can1,0x18A,0,8,7c13454e70000000
2025-09-04 04:14:20.902077,1756955660.902077,can1,0x701,0,1,05
2025-09-04 04:14:21.002097,1756955661.002098,can1,0x701,0,1,05
2025-09-04 04:14:21.071045,1756955661.071046,can1,0x70A,0,1,05
2025-09-04 04:14:21.071209,1756955661.071209,can1,0x28A,0,8,0000000000000000
2025-09-04 04:14:21.071463,1756955661.071463,can1,0x38A,0,8,00000000a607ff00
2025-09-04 04:14:21.071703,1756955661.071703,can1,0x18A,0,8,7c13464e70000000
2025-09-04 04:14:21.102116,1756955661.102117,can1,0x701,0,1,05
2025-09-04 04:14:21.104795,1756955661.104796,can1,0x20A,0,8,004c010052a00001
2025-09-04 04:14:21.105162,1756955661.105162,can1,0x30A,0,8,00000000004e3002
2025-09-04 04:14:21.202144,1756955661.202145,can1,0x701,0,1,05
2025-09-04 04:14:21.271257,1756955661.271257,can1,0x18A,0,8,7c13454e70000000
2025-09-04 04:14:21.302162,1756955661.302162,can1,0x701,0,1,05
2025-09-04 04:14:21.354835,1756955661.354836,can1,0x20A,0,8,004c010052a00001
2025-09-04 04:14:21.355215,1756955661.355215,can1,0x30A,0,8,00000000004e3002
2025-09-04 04:14:21.402209,1756955661.402210,can1,0x701,0,1,05
2025-09-04 04:14:21.471243,1756955661.471243,can1,0x18A,0,8,7c13464e70000000
2025-09-04 04:14:21.502244,1756955661.502245,can1,0x701,0,1,05
2025-09-04 04:14:21.602309,1756955661.602310,can1,0x701,0,1,05
2025-09-04 04:14:21.604737,1756955661.604738,can1,0x20A,0,8,004c010052a00001
2025-09-04 04:14:21.605114,1756955661.605114,can1,0x30A,0,8,00000000004e3002
2025-09-04 04:14:21.671257,1756955661.671257,can1,0x18A,0,8,7c13464e70000000
2025-09-04 04:14:21.702328,1756955661.702329,can1,0x701,0,1,05
2025-09-04 04:14:21.802343,1756955661.802344,can1,0x701,0,1,05
2025-09-04 04:14:21.854893,1756955661.854893,can1,0x20A,0,8,004c010052a00001
2025-09-04 04:14:21.855263,1756955661.855264,can1,0x30A,0,8,00000000004e3002
2025-09-04 04:14:21.871330,1756955661.871330,can1,0x18A,0,8,7c13454e70000000
2025-09-04 04:14:21.902392,1756955661.902392,can1,0x701,0,1,05
2025-09-04 04:14:22.002419,1756955662.002420,can1,0x701,0,1,05
2025-09-04 04:14:22.071143,1756955662.071143,can1,0x70A,0,1,05
2025-09-04 04:14:22.071360,1756955662.071361,can1,0x28A,0,8,0000000000000000
2025-09-04 04:14:22.071599,1756955662.071599,can1,0x38A,0,8,00000000a507ff00
2025-09-04 04:14:22.071836,1756955662.071837,can1,0x18A,0,8,7c13454e70000000
2025-09-04 04:14:22.102532,1756955662.102532,can1,0x701,0,1,05
2025-09-04 04:14:22.105015,1756955662.105015,can1,0x20A,0,8,004c010052a00001
2025-09-04 04:14:22.105468,1756955662.105469,can1,0x30A,0,8,00000000004e3002
2025-09-04 04:14:22.202547,1756955662.202547,can1,0x701,0,1,05
2025-09-04 04:14:22.271394,1756955662.271394,can1,0x18A,0,8,7c13454e70000000
2025-09-04 04:14:22.302689,1756955662.302690,can1,0x701,0,1,05
2025-09-04 04:14:22.355337,1756955662.355337,can1,0x20A,0,8,004c010052a00001
2025-09-04 04:14:22.355880,1756955662.355880,can1,0x30A,0,8,00000000004e3002
2025-09-04 04:14:22.402690,1756955662.402691,can1,0x701,0,1,05
2025-09-04 04:14:22.471465,1756955662.471465,can1,0x18A,0,8,7c13444e70000000
2025-09-04 04:14:22.502703,1756955662.502703,can1,0x701,0,1,05
2025-09-04 04:14:22.602760,1756955662.602760,can1,0x701,0,1,05
2025-09-04 04:14:22.605753,1756955662.605754,can1,0x20A,0,8,004c010052a00001
2025-09-04 04:14:22.606224,1756955662.606225,can1,0x30A,0,8,00000000004e3002
2025-09-04 04:14:22.671498,1756955662.671499,can1,0x18A,0,8,7c13454e70000000
2025-09-04 04:14:22.702814,1756955662.702815,can1,0x701,0,1,05
2025-09-04 04:14:22.802830,1756955662.802830,can1,0x701,0,1,05
2025-09-04 04:14:22.854891,1756955662.854892,can1,0x20A,0,8,004c010052a00001
2025-09-04 04:14:22.855500,1756955662.855501,can1,0x30A,0,8,00000000004e3002
2025-09-04 04:14:22.871534,1756955662.871534,can1,0x18A,0,8,7c13454e70000000
2025-09-04 04:14:22.902947,1756955662.902947,can1,0x701,0,1,05
2025-09-04 04:14:23.002897,1756955663.002897,can1,0x701,0,1,05
2025-09-04 04:14:23.071337,1756955663.071338,can1,0x70A,0,1,05
2025-09-04 04:14:23.071562,1756955663.071562,can1,0x28A,0,8,0000000000000000
2025-09-04 04:14:23.071801,1756955663.071801,can1,0x38A,0,8,00000000a407ff00
2025-09-04 04:14:23.072037,1756955663.072037,can1,0x18A,0,8,7c13444e70000000
2025-09-04 04:14:23.102921,1756955663.102921,can1,0x701,0,1,05
2025-09-04 04:14:23.104895,1756955663.104895,can1,0x20A,0,8,004c010052a00001
2025-09-04 04:14:23.105301,1756955663.105301,can1,0x30A,0,8,00000000004e3002
2025-09-04 04:14:23.202947,1756955663.202948,can1,0x701,0,1,05
2025-09-04 04:14:23.271534,1756955663.271535,can1,0x18A,0,8,7c13454e70000000
2025-09-04 04:14:23.302984,1756955663.302984,can1,0x701,0,1,05
2025-09-04 04:14:23.354837,1756955663.354838,can1,0x20A,0,8,004c010052a00001
2025-09-04 04:14:23.355294,1756955663.355295,can1,0x30A,0,8,00000000004e3002
2025-09-04 04:14:23.403004,1756955663.403004,can1,0x701,0,1,05
2025-09-04 04:14:23.471560,1756955663.471561,can1,0x18A,0,8,7c13454e70000000
2025-09-04 04:14:23.503050,1756955663.503050,can1,0x701,0,1,05
2025-09-04 04:14:23.603060,1756955663.603060,can1,0x701,0,1,05
2025-09-04 04:14:23.605161,1756955663.605161,can1,0x20A,0,8,004c010052a00001
2025-09-04 04:14:23.605557,1756955663.605558,can1,0x30A,0,8,00000000004e3002
2025-09-04 04:14:23.671632,1756955663.671632,can1,0x18A,0,8,7c13454e70000000
2025-09-04 04:14:23.703084,1756955663.703084,can1,0x701,0,1,05
2025-09-04 04:14:23.803110,1756955663.803111,can1,0x701,0,1,05
2025-09-04 04:14:23.855204,1756955663.855204,can1,0x20A,0,8,004c010052a00001
2025-09-04 04:14:23.855588,1756955663.855588,can1,0x30A,0,8,00000000004e3002
2025-09-04 04:14:23.871624,1756955663.871624,can1,0x18A,0,8,7c13454e70000000
2025-09-04 04:14:23.903222,1756955663.903222,can1,0x701,0,1,05
2025-09-04 04:14:24.003188,1756955664.003188,can1,0x701,0,1,05
2025-09-04 04:14:24.071460,1756955664.071460,can1,0x70A,0,1,05
2025-09-04 04:14:24.071675,1756955664.071675,can1,0x28A,0,8,0000000000000000
2025-09-04 04:14:24.071917,1756955664.071917,can1,0x38A,0,8,00000000a107ff00
2025-09-04 04:14:24.072155,1756955664.072155,can1,0x18A,0,8,7c13454e70000000
2025-09-04 04:14:24.103236,1756955664.103236,can1,0x701,0,1,05
2025-09-04 04:14:24.105543,1756955664.105544,can1,0x20A,0,8,004c010052a00001
2025-09-04 04:14:24.105946,1756955664.105947,can1,0x30A,0,8,00000000004e3002
2025-09-04 04:14:24.203254,1756955664.203255,can1,0x701,0,1,05
2025-09-04 04:14:24.271725,1756955664.271726,can1,0x18A,0,8,7c13464e70000000
2025-09-04 04:14:24.303280,1756955664.303280,can1,0x701,0,1,05
2025-09-04 04:14:24.354809,1756955664.354810,can1,0x20A,0,8,004c010052a00001
2025-09-04 04:14:24.355218,1756955664.355219,can1,0x30A,0,8,00000000004e3002
2025-09-04 04:14:24.403363,1756955664.403364,can1,0x701,0,1,05
2025-09-04 04:14:24.471726,1756955664.471727,can1,0x18A,0,8,7c13444e70000000
2025-09-04 04:14:24.503360,1756955664.503361,can1,0x701,0,1,05
2025-09-04 04:14:24.603388,1756955664.603389,can1,0x701,0,1,05
2025-09-04 04:14:24.606190,1756955664.606191,can1,0x20A,0,8,004c010052a00001
2025-09-04 04:14:24.606605,1756955664.606605,can1,0x30A,0,8,00000000004e3002
2025-09-04 04:14:24.671759,1756955664.671760,can1,0x18A,0,8,7c13454e70000000
2025-09-04 04:14:24.703415,1756955664.703416,can1,0x701,0,1,05
2025-09-04 04:14:24.803475,1756955664.803475,can1,0x701,0,1,05
2025-09-04 04:14:24.856167,1756955664.856168,can1,0x20A,0,8,004c010052a00001
2025-09-04 04:14:24.856613,1756955664.856613,can1,0x30A,0,8,00000000004e3002
2025-09-04 04:14:24.871830,1756955664.871830,can1,0x18A,0,8,7c13454e70000000
2025-09-04 04:14:24.903479,1756955664.903479,can1,0x701,0,1,05
2025-09-04 04:14:25.003506,1756955665.003506,can1,0x701,0,1,05
2025-09-04 04:14:25.071631,1756955665.071631,can1,0x70A,0,1,05
2025-09-04 04:14:25.071856,1756955665.071856,can1,0x28A,0,8,0000000000000000
2025-09-04 04:14:25.072097,1756955665.072098,can1,0x38A,0,8,00000000a107ff00
2025-09-04 04:14:25.073451,1756955665.073452,can1,0x18A,0,8,7c13454e70000000
2025-09-04 04:14:25.103542,1756955665.103542,can1,0x701,0,1,05
2025-09-04 04:14:25.105033,1756955665.105034,can1,0x20A,0,8,004c010052a00001
2025-09-04 04:14:25.105443,1756955665.105444,can1,0x30A,0,8,00000000004e3002
2025-09-04 04:14:25.203600,1756955665.203600,can1,0x701,0,1,05
2025-09-04 04:14:25.271826,1756955665.271826,can1,0x18A,0,8,7c13454e70000000
2025-09-04 04:14:25.303608,1756955665.303608,can1,0x701,0,1,05
2025-09-04 04:14:25.354869,1756955665.354869,can1,0x20A,0,8,004c010052a00001
2025-09-04 04:14:25.355260,1756955665.355260,can1,0x30A,0,8,00000000004e3002
2025-09-04 04:14:25.403635,1756955665.403635,can1,0x701,0,1,05
2025-09-04 04:14:25.471870,1756955665.471871,can1,0x18A,0,8,7c13454e70000000
2025-09-04 04:14:25.503663,1756955665.503664,can1,0x701,0,1,05
2025-09-04 04:14:25.603711,1756955665.603711,can1,0x701,0,1,05
2025-09-04 04:14:25.604892,1756955665.604893,can1,0x20A,0,8,004c010052a00001
2025-09-04 04:14:25.605309,1756955665.605310,can1,0x30A,0,8,00000000004e3002
2025-09-04 04:14:25.671824,1756955665.671825,can1,0x18A,0,8,7b13444e70000000
2025-09-04 04:14:25.703731,1756955665.703731,can1,0x701,0,1,05
2025-09-04 04:14:25.803761,1756955665.803761,can1,0x701,0,1,05
2025-09-04 04:14:25.854885,1756955665.854885,can1,0x20A,0,8,004c010052a00001
2025-09-04 04:14:25.855279,1756955665.855280,can1,0x30A,0,8,00000000004e3002
2025-09-04 04:14:25.871822,1756955665.871822,can1,0x18A,0,8,7b13464e70000000
2025-09-04 04:14:25.903799,1756955665.903799,can1,0x701,0,1,05
2025-09-04 04:14:26.003831,1756955666.003832,can1,0x701,0,1,05
2025-09-04 04:14:26.071687,1756955666.071687,can1,0x70A,0,1,05
2025-09-04 04:14:26.071896,1756955666.071896,can1,0x28A,0,8,0000000000000000
2025-09-04 04:14:26.072136,1756955666.072137,can1,0x38A,0,8,00000000a507ff00
2025-09-04 04:14:26.073491,1756955666.073491,can1,0x18A,0,8,7b13454e70000000
2025-09-04 04:14:26.103852,1756955666.103853,can1,0x701,0,1,05
2025-09-04 04:14:26.104663,1756955666.104663,can1,0x20A,0,8,004c010052a00001
2025-09-04 04:14:26.105382,1756955666.105383,can1,0x30A,0,8,00000000004e3002
2025-09-04 04:14:26.203890,1756955666.203890,can1,0x701,0,1,05
2025-09-04 04:14:26.271872,1756955666.271873,can1,0x18A,0,8,7b13454e70000000
2025-09-04 04:14:26.303921,1756955666.303922,can1,0x701,0,1,05
2025-09-04 04:14:26.354870,1756955666.354870,can1,0x20A,0,8,004c010052a00001
2025-09-04 04:14:26.355244,1756955666.355244,can1,0x30A,0,8,00000000004e3002
2025-09-04 04:14:26.404016,1756955666.404016,can1,0x701,0,1,05
2025-09-04 04:14:26.471853,1756955666.471854,can1,0x18A,0,8,7b13444e70000000
2025-09-04 04:14:26.504024,1756955666.504025,can1,0x701,0,1,05
2025-09-04 04:14:26.604039,1756955666.604039,can1,0x701,0,1,05
2025-09-04 04:14:26.604784,1756955666.604784,can1,0x20A,0,8,004c010052a00001
2025-09-04 04:14:26.605180,1756955666.605181,can1,0x30A,0,8,00000000004e3002
2025-09-04 04:14:26.671885,1756955666.671885,can1,0x18A,0,8,7b13444e70000000
2025-09-04 04:14:26.704072,1756955666.704072,can1,0x701,0,1,05
2025-09-04 04:14:26.804100,1756955666.804100,can1,0x701,0,1,05
2025-09-04 04:14:26.854855,1756955666.854856,can1,0x20A,0,8,004c010052a00001
2025-09-04 04:14:26.855266,1756955666.855266,can1,0x30A,0,8,00000000004e3002
2025-09-04 04:14:26.871846,1756955666.871846,can1,0x18A,0,8,7b13444e70000000
2025-09-04 04:14:26.904132,1756955666.904133,can1,0x701,0,1,05
2025-09-04 04:14:27.004155,1756955667.004156,can1,0x701,0,1,05
2025-09-04 04:14:27.071684,1756955667.071685,can1,0x70A,0,1,05
2025-09-04 04:14:27.071907,1756955667.071908,can1,0x28A,0,8,0000000000000000
2025-09-04 04:14:27.072147,1756955667.072147,can1,0x38A,0,8,00000000a907ff00
2025-09-04 04:14:27.073536,1756955667.073537,can1,0x18A,0,8,7b13444e70000000
2025-09-04 04:14:27.104219,1756955667.104220,can1,0x701,0,1,05
2025-09-04 04:14:27.104743,1756955667.104743,can1,0x20A,0,8,004c010052a00001
2025-09-04 04:14:27.105213,1756955667.105213,can1,0x30A,0,8,00000000004e3002
2025-09-04 04:14:27.204227,1756955667.204228,can1,0x701,0,1,05
2025-09-04 04:14:27.271926,1756955667.271926,can1,0x18A,0,8,7b13454e70000000
2025-09-04 04:14:27.304264,1756955667.304264,can1,0x701,0,1,05
2025-09-04 04:14:27.354572,1756955667.354573,can1,0x20A,0,8,004c010052a00001
2025-09-04 04:14:27.354970,1756955667.354971,can1,0x30A,0,8,00000000004e3002
2025-09-04 04:14:27.404395,1756955667.404395,can1,0x701,0,1,05
2025-09-04 04:14:27.471894,1756955667.471895,can1,0x18A,0,8,7b13454e70000000
2025-09-04 04:14:27.504358,1756955667.504359,can1,0x701,0,1,05
2025-09-04 04:14:27.604403,1756955667.604403,can1,0x701,0,1,05
2025-09-04 04:14:27.604774,1756955667.604775,can1,0x20A,0,8,004c010052a00001
2025-09-04 04:14:27.605164,1756955667.605165,can1,0x30A,0,8,00000000004e3002
2025-09-04 04:14:27.671932,1756955667.671932,can1,0x18A,0,8,7b13464e70000000
2025-09-04 04:14:27.704522,1756955667.704522,can1,0x701,0,1,05
2025-09-04 04:14:27.804505,1756955667.804505,can1,0x701,0,1,05
2025-09-04 04:14:27.854864,1756955667.854864,can1,0x20A,0,8,004c010052a00001
2025-09-04 04:14:27.855291,1756955667.855292,can1,0x30A,0,8,00000000004e3002
2025-09-04 04:14:27.871952,1756955667.871952,can1,0x18A,0,8,7b13454e70000000
2025-09-04 04:14:27.904537,1756955667.904538,can1,0x701,0,1,05
2025-09-04 04:14:28.004735,1756955668.004735,can1,0x701,0,1,05
2025-09-04 04:14:28.071739,1756955668.071740,can1,0x70A,0,1,05
2025-09-04 04:14:28.071949,1756955668.071950,can1,0x28A,0,8,0000000000000000
2025-09-04 04:14:28.072206,1756955668.072206,can1,0x38A,0,8,00000000ad07ff00
2025-09-04 04:14:28.073545,1756955668.073546,can1,0x18A,0,8,7b13464e70000000
2025-09-04 04:14:28.104805,1756955668.104806,can1,0x20A,0,8,004c010052a00001
2025-09-04 04:14:28.105201,1756955668.105202,can1,0x30A,0,8,00000000004e3002
2025-09-04 04:14:28.105418,1756955668.105418,can1,0x701,0,1,05
2025-09-04 04:14:28.204657,1756955668.204658,can1,0x701,0,1,05
2025-09-04 04:14:28.271933,1756955668.271933,can1,0x18A,0,8,7b13464e70000000
2025-09-04 04:14:28.304761,1756955668.304762,can1,0x701,0,1,05
2025-09-04 04:14:28.354886,1756955668.354887,can1,0x20A,0,8,004c010052a00001
2025-09-04 04:14:28.355267,1756955668.355268,can1,0x30A,0,8,00000000004e3002
2025-09-04 04:14:28.404774,1756955668.404774,can1,0x701,0,1,05
2025-09-04 04:14:28.471957,1756955668.471958,can1,0x18A,0,8,7b13454e70000000
2025-09-04 04:14:28.504783,1756955668.504784,can1,0x701,0,1,05
2025-09-04 04:14:28.604784,1756955668.604785,can1,0x20A,0,8,004c010052a00001
2025-09-04 04:14:28.605179,1756955668.605179,can1,0x30A,0,8,00000000004e3002
2025-09-04 04:14:28.605397,1756955668.605397,can1,0x701,0,1,05
2025-09-04 04:14:28.671954,1756955668.671955,can1,0x18A,0,8,7b13464e70000000
2025-09-04 04:14:28.704874,1756955668.704874,can1,0x701,0,1,05
2025-09-04 04:14:28.804888,1756955668.804889,can1,0x701,0,1,05
2025-09-04 04:14:28.854867,1756955668.854867,can1,0x20A,0,8,004c010052a00001
2025-09-04 04:14:28.855278,1756955668.855278,can1,0x30A,0,8,00000000004e3002
2025-09-04 04:14:28.871932,1756955668.871933,can1,0x18A,0,8,7b13444e70000000
2025-09-04 04:14:28.904914,1756955668.904914,can1,0x701,0,1,05
2025-09-04 04:14:29.005005,1756955669.005005,can1,0x701,0,1,05
2025-09-04 04:14:29.071792,1756955669.071793,can1,0x70A,0,1,05
2025-09-04 04:14:29.072020,1756955669.072021,can1,0x28A,0,8,0000000000000000
2025-09-04 04:14:29.072284,1756955669.072284,can1,0x38A,0,8,00000000ae07ff00
2025-09-04 04:14:29.073572,1756955669.073572,can1,0x18A,0,8,7b13464e70000000
2025-09-04 04:14:29.104816,1756955669.104817,can1,0x20A,0,8,004c010052a00001
2025-09-04 04:14:29.105219,1756955669.105220,can1,0x30A,0,8,00000000004e3002
2025-09-04 04:14:29.105457,1756955669.105457,can1,0x701,0,1,05
2025-09-04 04:14:29.205017,1756955669.205018,can1,0x701,0,1,05
2025-09-04 04:14:29.271993,1756955669.271994,can1,0x18A,0,8,7b13454e70000000
2025-09-04 04:14:29.305085,1756955669.305085,can1,0x701,0,1,05
2025-09-04 04:14:29.355010,1756955669.355011,can1,0x20A,0,8,004c010052a00001
2025-09-04 04:14:29.355473,1756955669.355474,can1,0x30A,0,8,00000000004e3002
2025-09-04 04:14:29.405153,1756955669.405153,can1,0x701,0,1,05
2025-09-04 04:14:29.471963,1756955669.471964,can1,0x18A,0,8,7b13444e70000000
2025-09-04 04:14:29.505139,1756955669.505140,can1,0x701,0,1,05
2025-09-04 04:14:29.605254,1756955669.605255,can1,0x701,0,1,05
2025-09-04 04:14:29.605995,1756955669.605996,can1,0x20A,0,8,004c010052a00001
2025-09-04 04:14:29.606677,1756955669.606677,can1,0x30A,0,8,00000000004e3002
2025-09-04 04:14:29.672034,1756955669.672035,can1,0x18A,0,8,7b13454e70000000
2025-09-04 04:14:29.705815,1756955669.705816,can1,0x701,0,1,05
2025-09-04 04:14:29.805363,1756955669.805363,can1,0x701,0,1,05
2025-09-04 04:14:29.854825,1756955669.854825,can1,0x20A,0,8,004c010052a00001
2025-09-04 04:14:29.855204,1756955669.855205,can1,0x30A,0,8,00000000004e3002
2025-09-04 04:14:29.871994,1756955669.871995,can1,0x18A,0,8,7b13464e70000000
2025-09-04 04:14:29.905348,1756955669.905348,can1,0x701,0,1,05
2025-09-04 04:14:30.005380,1756955670.005380,can1,0x701,0,1,05
2025-09-04 04:14:30.071789,1756955670.071789,can1,0x70A,0,1,05
2025-09-04 04:14:30.072021,1756955670.072021,can1,0x28A,0,8,0000000000000000
2025-09-04 04:14:30.072264,1756955670.072264,can1,0x38A,0,8,00000000b107ff00
2025-09-04 04:14:30.073571,1756955670.073572,can1,0x18A,0,8,7b13464e70000000
2025-09-04 04:14:30.104839,1756955670.104840,can1,0x20A,0,8,004c010052a00001
2025-09-04 04:14:30.105265,1756955670.105265,can1,0x30A,0,8,00000000004e3002
2025-09-04 04:14:30.105495,1756955670.105496,can1,0x701,0,1,05
2025-09-04 04:14:30.205482,1756955670.205482,can1,0x701,0,1,05
2025-09-04 04:14:30.272027,1756955670.272027,can1,0x18A,0,8,7b13444e70000000
2025-09-04 04:14:30.305566,1756955670.305566,can1,0x701,0,1,05
2025-09-04 04:14:30.354813,1756955670.354813,can1,0x20A,0,8,004c010052a00001
2025-09-04 04:14:30.355237,1756955670.355238,can1,0x30A,0,8,00000000004e3002
2025-09-04 04:14:30.405526,1756955670.405527,can1,0x701,0,1,05
2025-09-04 04:14:30.472015,1756955670.472015,can1,0x18A,0,8,7b13444e70000000
2025-09-04 04:14:30.505555,1756955670.505556,can1,0x701,0,1,05
2025-09-04 04:14:30.605426,1756955670.605427,can1,0x20A,0,8,004c010052a00001
2025-09-04 04:14:30.605941,1756955670.605941,can1,0x30A,0,8,00000000004e3002
2025-09-04 04:14:30.606250,1756955670.606250,can1,0x701,0,1,05
2025-09-04 04:14:30.672019,1756955670.672020,can1,0x18A,0,8,7b13474e70000000
2025-09-04 04:14:30.705649,1756955670.705650,can1,0x701,0,1,05
2025-09-04 04:14:30.805660,1756955670.805660,can1,0x701,0,1,05
2025-09-04 04:14:30.854894,1756955670.854895,can1,0x20A,0,8,004c010052a00001
2025-09-04 04:14:30.855265,1756955670.855265,can1,0x30A,0,8,00000000004e3002
2025-09-04 04:14:30.872061,1756955670.872061,can1,0x18A,0,8,7b13464e70000000
2025-09-04 04:14:30.905704,1756955670.905705,can1,0x701,0,1,05
2025-09-04 04:14:31.005719,1756955671.005719,can1,0x701,0,1,05
2025-09-04 04:14:31.071761,1756955671.071762,can1,0x70A,0,1,05
2025-09-04 04:14:31.072006,1756955671.072007,can1,0x28A,0,8,0000000000000000
2025-09-04 04:14:31.072268,1756955671.072268,can1,0x38A,0,8,00000000b707ff00
2025-09-04 04:14:31.073558,1756955671.073559,can1,0x18A,0,8,7b13464e70000000
2025-09-04 04:14:31.105073,1756955671.105074,can1,0x20A,0,8,004c010052a00001
2025-09-04 04:14:31.105458,1756955671.105458,can1,0x30A,0,8,00000000004e3002
2025-09-04 04:14:31.105774,1756955671.105774,can1,0x701,0,1,05
2025-09-04 04:14:31.205852,1756955671.205852,can1,0x701,0,1,05
2025-09-04 04:14:31.272038,1756955671.272039,can1,0x18A,0,8,7b13444e70000000
2025-09-04 04:14:31.305845,1756955671.305846,can1,0x701,0,1,05
2025-09-04 04:14:31.354903,1756955671.354904,can1,0x20A,0,8,004c010052a00001
2025-09-04 04:14:31.355332,1756955671.355333,can1,0x30A,0,8,00000000004e3002
2025-09-04 04:14:31.405924,1756955671.405925,can1,0x701,0,1,05
2025-09-04 04:14:31.472084,1756955671.472085,can1,0x18A,0,8,7b13454e70000000
2025-09-04 04:14:31.505933,1756955671.505934,can1,0x701,0,1,05
2025-09-04 04:14:31.604794,1756955671.604794,can1,0x20A,0,8,004c010052a00001
2025-09-04 04:14:31.605164,1756955671.605164,can1,0x30A,0,8,00000000004e3002
2025-09-04 04:14:31.605983,1756955671.605984,can1,0x701,0,1,05
2025-09-04 04:14:31.671968,1756955671.671969,can1,0x18A,0,8,7b13464e70000000
2025-09-04 04:14:31.706015,1756955671.706016,can1,0x701,0,1,05
2025-09-04 04:14:31.806041,1756955671.806042,can1,0x701,0,1,05
2025-09-04 04:14:31.854912,1756955671.854912,can1,0x20A,0,8,004c010052a00001
2025-09-04 04:14:31.855351,1756955671.855352,can1,0x30A,0,8,00000000004e3002
2025-09-04 04:14:31.871982,1756955671.871982,can1,0x18A,0,8,7b13444e70000000
2025-09-04 04:14:31.906080,1756955671.906080,can1,0x701,0,1,05
2025-09-04 04:14:32.006121,1756955672.006121,can1,0x701,0,1,05
2025-09-04 04:14:32.071834,1756955672.071835,can1,0x70A,0,1,05
2025-09-04 04:14:32.072049,1756955672.072049,can1,0x28A,0,8,0000000000000000
2025-09-04 04:14:32.072293,1756955672.072293,can1,0x38A,0,8,00000000bb07ff00
2025-09-04 04:14:32.073676,1756955672.073677,can1,0x18A,0,8,7b13454e70000000
2025-09-04 04:14:32.104798,1756955672.104798,can1,0x20A,0,8,004c010052a00001
2025-09-04 04:14:32.105195,1756955672.105195,can1,0x30A,0,8,00000000004e3002
2025-09-04 04:14:32.106222,1756955672.106223,can1,0x701,0,1,05
2025-09-04 04:14:32.206182,1756955672.206183,can1,0x701,0,1,05
2025-09-04 04:14:32.271983,1756955672.271983,can1,0x18A,0,8,7b13454e70000000
2025-09-04 04:14:32.306202,1756955672.306202,can1,0x701,0,1,05
2025-09-04 04:14:32.354811,1756955672.354812,can1,0x20A,0,8,004c010052a00001
2025-09-04 04:14:32.355211,1756955672.355212,can1,0x30A,0,8,00000000004e3002
2025-09-04 04:14:32.406231,1756955672.406231,can1,0x701,0,1,05
2025-09-04 04:14:32.472022,1756955672.472022,can1,0x18A,0,8,7b13454e70000000
2025-09-04 04:14:32.506262,1756955672.506263,can1,0x701,0,1,05
2025-09-04 04:14:32.604858,1756955672.604859,can1,0x20A,0,8,004c010052a00001
2025-09-04 04:14:32.605249,1756955672.605250,can1,0x30A,0,8,00000000004e3002
2025-09-04 04:14:32.606322,1756955672.606323,can1,0x701,0,1,05
2025-09-04 04:14:32.672082,1756955672.672083,can1,0x18A,0,8,7b13454e70000000
2025-09-04 04:14:32.706420,1756955672.706420,can1,0x701,0,1,05
2025-09-04 04:14:32.806456,1756955672.806456,can1,0x701,0,1,05
2025-09-04 04:14:32.854583,1756955672.854584,can1,0x20A,0,8,004c010052a00001
2025-09-04 04:14:32.855627,1756955672.855628,can1,0x30A,0,8,00000000004e3002
2025-09-04 04:14:32.872071,1756955672.872072,can1,0x18A,0,8,7b13454e70000000
2025-09-04 04:14:32.906431,1756955672.906431,can1,0x701,0,1,05
2025-09-04 04:14:33.006464,1756955673.006465,can1,0x701,0,1,05
2025-09-04 04:14:33.071978,1756955673.071979,can1,0x70A,0,1,05
2025-09-04 04:14:33.072174,1756955673.072175,can1,0x28A,0,8,0000000000000000
2025-09-04 04:14:33.072406,1756955673.072407,can1,0x38A,0,8,00000000be07ff00
2025-09-04 04:14:33.073768,1756955673.073769,can1,0x18A,0,8,7b13444e70000000
2025-09-04 04:14:33.105018,1756955673.105018,can1,0x20A,0,8,004c010052a00001
2025-09-04 04:14:33.105654,1756955673.105654,can1,0x30A,0,8,00000000004e3002
2025-09-04 04:14:33.106682,1756955673.106682,can1,0x701,0,1,05
2025-09-04 04:14:33.206653,1756955673.206654,can1,0x701,0,1,05
2025-09-04 04:14:33.272155,1756955673.272155,can1,0x18A,0,8,7b13454e70000000
2025-09-04 04:14:33.306727,1756955673.306727,can1,0x701,0,1,05
2025-09-04 04:14:33.355279,1756955673.355280,can1,0x20A,0,8,004c010052a00001
2025-09-04 04:14:33.355769,1756955673.355769,can1,0x30A,0,8,00000000004e3002
2025-09-04 04:14:33.406785,1756955673.406786,can1,0x701,0,1,05
2025-09-04 04:14:33.472134,1756955673.472134,can1,0x18A,0,8,7b13454e70000000
2025-09-04 04:14:33.506806,1756955673.506807,can1,0x701,0,1,05
2025-09-04 04:14:33.605419,1756955673.605419,can1,0x20A,0,8,004c010052a00001
2025-09-04 04:14:33.605992,1756955673.605993,can1,0x30A,0,8,00000000004e3002
2025-09-04 04:14:33.606928,1756955673.606928,can1,0x701,0,1,05
2025-09-04 04:14:33.672179,1756955673.672179,can1,0x18A,0,8,7b13464e70000000
2025-09-04 04:14:33.706974,1756955673.706974,can1,0x701,0,1,05
2025-09-04 04:14:33.806986,1756955673.806986,can1,0x701,0,1,05
2025-09-04 04:14:33.855247,1756955673.855248,can1,0x20A,0,8,004c010052a00001
2025-09-04 04:14:33.855756,1756955673.855757,can1,0x30A,0,8,00000000004e3002
2025-09-04 04:14:33.872225,1756955673.872226,can1,0x18A,0,8,7b13454e70000000
2025-09-04 04:14:33.907028,1756955673.907029,can1,0x701,0,1,05
2025-09-04 04:14:34.007085,1756955674.007085,can1,0x701,0,1,05
2025-09-04 04:14:34.072000,1756955674.072000,can1,0x70A,0,1,05
2025-09-04 04:14:34.072171,1756955674.072171,can1,0x28A,0,8,0000000000000000
2025-09-04 04:14:34.072468,1756955674.072469,can1,0x38A,0,8,00000000bf07ff00
2025-09-04 04:14:34.073784,1756955674.073785,can1,0x18A,0,8,7b13454e70000000
2025-09-04 04:14:34.105532,1756955674.105533,can1,0x20A,0,8,004c010052a00001
2025-09-04 04:14:34.107295,1756955674.107296,can1,0x30A,0,8,00000000004e3002
2025-09-04 04:14:34.107785,1756955674.107786,can1,0x701,0,1,05
2025-09-04 04:14:34.207103,1756955674.207104,can1,0x701,0,1,05
2025-09-04 04:14:34.272147,1756955674.272147,can1,0x18A,0,8,7b13454e70000000
2025-09-04 04:14:34.307107,1756955674.307108,can1,0x701,0,1,05
2025-09-04 04:14:34.354886,1756955674.354886,can1,0x20A,0,8,004c010052a00001
2025-09-04 04:14:34.355262,1756955674.355263,can1,0x30A,0,8,00000000004e3002
2025-09-04 04:14:34.407158,1756955674.407158,can1,0x701,0,1,05
2025-09-04 04:14:34.472175,1756955674.472176,can1,0x18A,0,8,7b13444e70000000
2025-09-04 04:14:34.507159,1756955674.507160,can1,0x701,0,1,05
2025-09-04 04:14:34.604995,1756955674.604995,can1,0x20A,0,8,004c010052a00001
2025-09-04 04:14:34.605390,1756955674.605390,can1,0x30A,0,8,00000000004e3002
2025-09-04 04:14:34.607234,1756955674.607235,can1,0x701,0,1,05
2025-09-04 04:14:34.672163,1756955674.672163,can1,0x18A,0,8,7b13454e70000000
2025-09-04 04:14:34.707266,1756955674.707266,can1,0x701,0,1,05
2025-09-04 04:14:34.807305,1756955674.807306,can1,0x701,0,1,05
2025-09-04 04:14:34.854874,1756955674.854874,can1,0x20A,0,8,004c010052a00001
2025-09-04 04:14:34.855271,1756955674.855272,can1,0x30A,0,8,00000000004e3002
2025-09-04 04:14:34.872146,1756955674.872147,can1,0x18A,0,8,7b13444e70000000
2025-09-04 04:14:34.907326,1756955674.907326,can1,0x701,0,1,05
2025-09-04 04:14:35.007351,1756955675.007351,can1,0x701,0,1,05
2025-09-04 04:14:35.072022,1756955675.072023,can1,0x70A,0,1,05
2025-09-04 04:14:35.072247,1756955675.072248,can1,0x28A,0,8,0000000000000000
2025-09-04 04:14:35.072484,1756955675.072485,can1,0x38A,0,8,00000000bd07ff00
2025-09-04 04:14:35.073837,1756955675.073837,can1,0x18A,0,8,7b13454e70000000
2025-09-04 04:14:35.104828,1756955675.104829,can1,0x20A,0,8,004c010052a00001
2025-09-04 04:14:35.105202,1756955675.105202,can1,0x30A,0,8,00000000004e3002
2025-09-04 04:14:35.107378,1756955675.107379,can1,0x701,0,1,05
2025-09-04 04:14:35.207425,1756955675.207426,can1,0x701,0,1,05
2025-09-04 04:14:35.272185,1756955675.272186,can1,0x18A,0,8,7b13454e70000000
2025-09-04 04:14:35.307439,1756955675.307440,can1,0x701,0,1,05
2025-09-04 04:14:35.354665,1756955675.354665,can1,0x20A,0,8,004c010052a00001
2025-09-04 04:14:35.355278,1756955675.355278,can1,0x30A,0,8,00000000004e3002
2025-09-04 04:14:35.407482,1756955675.407482,can1,0x701,0,1,05
2025-09-04 04:14:35.472201,1756955675.472202,can1,0x18A,0,8,7b13464e70000000
2025-09-04 04:14:35.507500,1756955675.507500,can1,0x701,0,1,05
2025-09-04 04:14:35.604808,1756955675.604809,can1,0x20A,0,8,004c010052a00001
2025-09-04 04:14:35.605211,1756955675.605211,can1,0x30A,0,8,00000000004e3002
2025-09-04 04:14:35.607518,1756955675.607519,can1,0x701,0,1,05
2025-09-04 04:14:35.672222,1756955675.672222,can1,0x18A,0,8,7b13444e70000000
2025-09-04 04:14:35.707543,1756955675.707543,can1,0x701,0,1,05
2025-09-04 04:14:35.807590,1756955675.807590,can1,0x701,0,1,05
2025-09-04 04:14:35.854870,1756955675.854871,can1,0x20A,0,8,004c010052a00001
2025-09-04 04:14:35.855262,1756955675.855262,can1,0x30A,0,8,00000000004e3002
2025-09-04 04:14:35.872262,1756955675.872263,can1,0x18A,0,8,7b13454e70000000
2025-09-04 04:14:35.907631,1756955675.907632,can1,0x701,0,1,05
2025-09-04 04:14:36.007653,1756955676.007653,can1,0x701,0,1,05
2025-09-04 04:14:36.072124,1756955676.072124,can1,0x70A,0,1,05
2025-09-04 04:14:36.072336,1756955676.072336,can1,0x28A,0,8,0000000000000000
2025-09-04 04:14:36.073914,1756955676.073915,can1,0x38A,0,8,00000000a907ff00
2025-09-04 04:14:36.074073,1756955676.074073,can1,0x18A,0,8,7b13444e70000000
2025-09-04 04:14:36.104816,1756955676.104817,can1,0x20A,0,8,004c010052a00001
2025-09-04 04:14:36.105211,1756955676.105211,can1,0x30A,0,8,00000000004e3002
2025-09-04 04:14:36.107729,1756955676.107730,can1,0x701,0,1,05
2025-09-04 04:14:36.207746,1756955676.207746,can1,0x701,0,1,05
2025-09-04 04:14:36.272338,1756955676.272339,can1,0x18A,0,8,7b13454e70000000
2025-09-04 04:14:36.307810,1756955676.307811,can1,0x701,0,1,05
2025-09-04 04:14:36.355835,1756955676.355835,can1,0x20A,0,8,004c010052a00001
2025-09-04 04:14:36.356270,1756955676.356270,can1,0x30A,0,8,00000000004e3002
2025-09-04 04:14:36.407830,1756955676.407831,can1,0x701,0,1,05
2025-09-04 04:14:36.473661,1756955676.473661,can1,0x18A,0,8,7b13464e70000000
2025-09-04 04:14:36.508029,1756955676.508029,can1,0x701,0,1,05
2025-09-04 04:14:36.604799,1756955676.604800,can1,0x20A,0,8,004c010052a00001
2025-09-04 04:14:36.605209,1756955676.605210,can1,0x30A,0,8,00000000004e3002
2025-09-04 04:14:36.607879,1756955676.607879,can1,0x701,0,1,05
2025-09-04 04:14:36.673761,1756955676.673761,can1,0x18A,0,8,7c13454e70000000
2025-09-04 04:14:36.707921,1756955676.707921,can1,0x701,0,1,05
2025-09-04 04:14:36.807935,1756955676.807935,can1,0x701,0,1,05
2025-09-04 04:14:36.854841,1756955676.854841,can1,0x20A,0,8,004c010052a00001
2025-09-04 04:14:36.855240,1756955676.855240,can1,0x30A,0,8,00000000004e3002
2025-09-04 04:14:36.873748,1756955676.873748,can1,0x18A,0,8,7b13454e70000000
2025-09-04 04:14:36.907984,1756955676.907985,can1,0x701,0,1,05
2025-09-04 04:14:37.008003,1756955677.008003,can1,0x701,0,1,05
2025-09-04 04:14:37.073579,1756955677.073580,can1,0x70A,0,1,05
2025-09-04 04:14:37.073789,1756955677.073789,can1,0x28A,0,8,0000000000000000
2025-09-04 04:14:37.074035,1756955677.074036,can1,0x38A,0,8,00000000a707ff00
2025-09-04 04:14:37.074263,1756955677.074264,can1,0x18A,0,8,7b13464e70000000
2025-09-04 04:14:37.104846,1756955677.104846,can1,0x20A,0,8,004c010052a00001
2025-09-04 04:14:37.105246,1756955677.105247,can1,0x30A,0,8,00000000004e3002
2025-09-04 04:14:37.108015,1756955677.108016,can1,0x701,0,1,05
2025-09-04 04:14:37.208049,1756955677.208050,can1,0x701,0,1,05
2025-09-04 04:14:37.273839,1756955677.273839,can1,0x18A,0,8,7b13454e70000000
2025-09-04 04:14:37.308100,1756955677.308101,can1,0x701,0,1,05
2025-09-04 04:14:37.354993,1756955677.354993,can1,0x20A,0,8,004c010052a00001
2025-09-04 04:14:37.355429,1756955677.355430,can1,0x30A,0,8,00000000004e3002
2025-09-04 04:14:37.408123,1756955677.408123,can1,0x701,0,1,05
2025-09-04 04:14:37.473820,1756955677.473821,can1,0x18A,0,8,7b13454e70000000
2025-09-04 04:14:37.508142,1756955677.508142,can1,0x701,0,1,05
2025-09-04 04:14:37.604782,1756955677.604783,can1,0x20A,0,8,004c010052a00001
2025-09-04 04:14:37.605187,1756955677.605187,can1,0x30A,0,8,00000000004e3002
2025-09-04 04:14:37.608167,1756955677.608167,can1,0x701,0,1,05
2025-09-04 04:14:37.673829,1756955677.673829,can1,0x18A,0,8,7b13454e70000000
2025-09-04 04:14:37.708189,1756955677.708189,can1,0x701,0,1,05
2025-09-04 04:14:37.808230,1756955677.808231,can1,0x701,0,1,05
2025-09-04 04:14:37.854798,1756955677.854798,can1,0x20A,0,8,004c010052a00001
2025-09-04 04:14:37.855175,1756955677.855175,can1,0x30A,0,8,00000000004e3002
2025-09-04 04:14:37.873933,1756955677.873934,can1,0x18A,0,8,7b13464e70000000
2025-09-04 04:14:37.908269,1756955677.908269,can1,0x701,0,1,05
2025-09-04 04:14:38.008290,1756955678.008291,can1,0x701,0,1,05
2025-09-04 04:14:38.073710,1756955678.073710,can1,0x70A,0,1,05
2025-09-04 04:14:38.073923,1756955678.073923,can1,0x28A,0,8,0000000000000000
2025-09-04 04:14:38.074183,1756955678.074183,can1,0x38A,0,8,00000000a707ff00
2025-09-04 04:14:38.074554,1756955678.074555,can1,0x18A,0,8,7b13464e70000000
2025-09-04 04:14:38.105067,1756955678.105068,can1,0x20A,0,8,004c010052a00001
2025-09-04 04:14:38.105513,1756955678.105513,can1,0x30A,0,8,00000000004e3002
2025-09-04 04:14:38.108497,1756955678.108497,can1,0x701,0,1,05
2025-09-04 04:14:38.208443,1756955678.208443,can1,0x701,0,1,05
2025-09-04 04:14:38.273926,1756955678.273926,can1,0x18A,0,8,7b13464e70000000
2025-09-04 04:14:38.308485,1756955678.308486,can1,0x701,0,1,05
2025-09-04 04:14:38.355008,1756955678.355009,can1,0x20A,0,8,004c010052a00001
2025-09-04 04:14:38.355426,1756955678.355427,can1,0x30A,0,8,00000000004e3002
2025-09-04 04:14:38.408584,1756955678.408584,can1,0x701,0,1,05
2025-09-04 04:14:38.474029,1756955678.474029,can1,0x18A,0,8,7b13444e70000000
2025-09-04 04:14:38.508566,1756955678.508566,can1,0x701,0,1,05
2025-09-04 04:14:38.604809,1756955678.604809,can1,0x20A,0,8,004c010052a00001
2025-09-04 04:14:38.605221,1756955678.605222,can1,0x30A,0,8,00000000004e3002
2025-09-04 04:14:38.608587,1756955678.608588,can1,0x701,0,1,05
2025-09-04 04:14:38.674013,1756955678.674014,can1,0x18A,0,8,7b13464e70000000
2025-09-04 04:14:38.708617,1756955678.708618,can1,0x701,0,1,05
2025-09-04 04:14:38.808650,1756955678.808650,can1,0x701,0,1,05
2025-09-04 04:14:38.854822,1756955678.854823,can1,0x20A,0,8,004c010052a00001
2025-09-04 04:14:38.855230,1756955678.855231,can1,0x30A,0,8,00000000004e3002
2025-09-04 04:14:38.874001,1756955678.874002,can1,0x18A,0,8,7b13454e70000000
2025-09-04 04:14:38.908684,1756955678.908685,can1,0x701,0,1,05
2025-09-04 04:14:39.008705,1756955679.008705,can1,0x701,0,1,05
2025-09-04 04:14:39.073940,1756955679.073941,can1,0x70A,0,1,05
2025-09-04 04:14:39.074153,1756955679.074153,can1,0x28A,0,8,0000000000000000
2025-09-04 04:14:39.074433,1756955679.074433,can1,0x38A,0,8,00000000a707ff00
2025-09-04 04:14:39.074629,1756955679.074630,can1,0x18A,0,8,7b13444e70000000
2025-09-04 04:14:39.104613,1756955679.104613,can1,0x20A,0,8,004c010052a00001
2025-09-04 04:14:39.105810,1756955679.105810,can1,0x30A,0,8,00000000004e3002
2025-09-04 04:14:39.108776,1756955679.108777,can1,0x701,0,1,05
2025-09-04 04:14:39.208872,1756955679.208873,can1,0x701,0,1,05
2025-09-04 04:14:39.274163,1756955679.274164,can1,0x18A,0,8,7b13454e70000000
2025-09-04 04:14:39.308916,1756955679.308917,can1,0x701,0,1,05
2025-09-04 04:14:39.355094,1756955679.355094,can1,0x20A,0,8,004c010052a00001
2025-09-04 04:14:39.355538,1756955679.355538,can1,0x30A,0,8,00000000004e3002
2025-09-04 04:14:39.408970,1756955679.408971,can1,0x701,0,1,05
2025-09-04 04:14:39.474148,1756955679.474148,can1,0x18A,0,8,7b13444e70000000
2025-09-04 04:14:39.508998,1756955679.508998,can1,0x701,0,1,05
2025-09-04 04:14:39.605107,1756955679.605108,can1,0x20A,0,8,004c010052a00001
2025-09-04 04:14:39.605593,1756955679.605594,can1,0x30A,0,8,00000000004e3002
2025-09-04 04:14:39.609113,1756955679.609114,can1,0x701,0,1,05
2025-09-04 04:14:39.674275,1756955679.674275,can1,0x18A,0,8,7b13454e70000000
2025-09-04 04:14:39.709137,1756955679.709137,can1,0x701,0,1,05
2025-09-04 04:14:39.809324,1756955679.809324,can1,0x701,0,1,05
2025-09-04 04:14:39.854599,1756955679.854600,can1,0x20A,0,8,004c010052a00001
2025-09-04 04:14:39.854998,1756955679.854999,can1,0x30A,0,8,00000000004e3002
2025-09-04 04:14:39.874253,1756955679.874253,can1,0x18A,0,8,7b13444e70000000
2025-09-04 04:14:39.909208,1756955679.909209,can1,0x701,0,1,05
2025-09-04 04:14:40.009240,1756955680.009241,can1,0x701,0,1,05
2025-09-04 04:14:40.074016,1756955680.074016,can1,0x70A,0,1,05
2025-09-04 04:14:40.074216,1756955680.074216,can1,0x28A,0,8,0000000000000000
2025-09-04 04:14:40.074464,1756955680.074464,can1,0x38A,0,8,00000000a407ff00
2025-09-04 04:14:40.074690,1756955680.074691,can1,0x18A,0,8,7b13464e70000000
2025-09-04 04:14:40.104778,1756955680.104778,can1,0x20A,0,8,004c010052a00001
2025-09-04 04:14:40.105179,1756955680.105180,can1,0x30A,0,8,00000000004e3002
2025-09-04 04:14:40.109281,1756955680.109281,can1,0x701,0,1,05
2025-09-04 04:14:40.209374,1756955680.209375,can1,0x701,0,1,05
2025-09-04 04:14:40.274317,1756955680.274318,can1,0x18A,0,8,7b13454e70000000
2025-09-04 04:14:40.309364,1756955680.309364,can1,0x701,0,1,05
2025-09-04 04:14:40.354805,1756955680.354806,can1,0x20A,0,8,004c010052a00001
2025-09-04 04:14:40.355211,1756955680.355212,can1,0x30A,0,8,00000000004e3002
2025-09-04 04:14:40.409401,1756955680.409402,can1,0x701,0,1,05
2025-09-04 04:14:40.474302,1756955680.474303,can1,0x18A,0,8,7c13444e70000000
2025-09-04 04:14:40.509464,1756955680.509465,can1,0x701,0,1,05
2025-09-04 04:14:40.605307,1756955680.605307,can1,0x20A,0,8,004c010052a00001
2025-09-04 04:14:40.605858,1756955680.605859,can1,0x30A,0,8,00000000004e3002
2025-09-04 04:14:40.609501,1756955680.609501,can1,0x701,0,1,05
2025-09-04 04:14:40.674324,1756955680.674324,can1,0x18A,0,8,7b13464e70000000
2025-09-04 04:14:40.709521,1756955680.709521,can1,0x701,0,1,05
2025-09-04 04:14:40.809609,1756955680.809610,can1,0x701,0,1,05
2025-09-04 04:14:40.855132,1756955680.855133,can1,0x20A,0,8,004c010052a00001
2025-09-04 04:14:40.855570,1756955680.855571,can1,0x30A,0,8,00000000004e3002
2025-09-04 04:14:40.874437,1756955680.874437,can1,0x18A,0,8,7b13464e70000000
2025-09-04 04:14:40.909597,1756955680.909598,can1,0x701,0,1,05
2025-09-04 04:14:41.009616,1756955681.009617,can1,0x701,0,1,05
2025-09-04 04:14:41.074183,1756955681.074183,can1,0x70A,0,1,05
2025-09-04 04:14:41.074453,1756955681.074454,can1,0x28A,0,8,0000000000000000
2025-09-04 04:14:41.074662,1756955681.074663,can1,0x38A,0,8,00000000a207ff00
2025-09-04 04:14:41.076009,1756955681.076010,can1,0x18A,0,8,7b13454e70000000
2025-09-04 04:14:41.104830,1756955681.104831,can1,0x20A,0,8,004c010052a00001
2025-09-04 04:14:41.105770,1756955681.105771,can1,0x30A,0,8,00000000004e3002
2025-09-04 04:14:41.109628,1756955681.109629,can1,0x701,0,1,05
2025-09-04 04:14:41.209676,1756955681.209677,can1,0x701,0,1,05
2025-09-04 04:14:41.274395,1756955681.274396,can1,0x18A,0,8,7b13454e70000000
2025-09-04 04:14:41.309705,1756955681.309705,can1,0x701,0,1,05
2025-09-04 04:14:41.355070,1756955681.355070,can1,0x20A,0,8,004c010052a00001
2025-09-04 04:14:41.355472,1756955681.355473,can1,0x30A,0,8,00000000004e3002
2025-09-04 04:14:41.409751,1756955681.409752,can1,0x701,0,1,05
2025-09-04 04:14:41.474466,1756955681.474466,can1,0x18A,0,8,7b13454e70000000
2025-09-04 04:14:41.509771,1756955681.509771,can1,0x701,0,1,05
2025-09-04 04:14:41.604810,1756955681.604811,can1,0x20A,0,8,004c010052a00001
2025-09-04 04:14:41.605189,1756955681.605190,can1,0x30A,0,8,00000000004e3002
2025-09-04 04:14:41.609799,1756955681.609800,can1,0x701,0,1,05
2025-09-04 04:14:41.674422,1756955681.674423,can1,0x18A,0,8,7b13464e70000000
2025-09-04 04:14:41.709842,1756955681.709843,can1,0x701,0,1,05
2025-09-04 04:14:41.809859,1756955681.809860,can1,0x701,0,1,05
2025-09-04 04:14:41.854837,1756955681.854838,can1,0x20A,0,8,004c010052a00001
2025-09-04 04:14:41.855224,1756955681.855225,can1,0x30A,0,8,00000000004e3002
2025-09-04 04:14:41.874480,1756955681.874481,can1,0x18A,0,8,7b13444e70000000
2025-09-04 04:14:41.909894,1756955681.909894,can1,0x701,0,1,05
2025-09-04 04:14:42.009933,1756955682.009933,can1,0x701,0,1,05
2025-09-04 04:14:42.074287,1756955682.074287,can1,0x70A,0,1,05
2025-09-04 04:14:42.074510,1756955682.074511,can1,0x28A,0,8,0000000000000000
2025-09-04 04:14:42.076054,1756955682.076054,can1,0x38A,0,8,000000009f07ff00
2025-09-04 04:14:42.076223,1756955682.076223,can1,0x18A,0,8,7b13444e70000000
2025-09-04 04:14:42.104830,1756955682.104831,can1,0x20A,0,8,004c010052a00001
2025-09-04 04:14:42.105217,1756955682.105218,can1,0x30A,0,8,00000000004e3002
2025-09-04 04:14:42.110452,1756955682.110453,can1,0x701,0,1,05
2025-09-04 04:14:42.210059,1756955682.210059,can1,0x701,0,1,05
2025-09-04 04:14:42.274480,1756955682.274481,can1,0x18A,0,8,7b13464e70000000
2025-09-04 04:14:42.310056,1756955682.310057,can1,0x701,0,1,05
2025-09-04 04:14:42.354961,1756955682.354961,can1,0x20A,0,8,004c010052a00001
2025-09-04 04:14:42.355508,1756955682.355509,can1,0x30A,0,8,00000000004e3002
2025-09-04 04:14:42.410087,1756955682.410087,can1,0x701,0,1,05
2025-09-04 04:14:42.474432,1756955682.474433,can1,0x18A,0,8,7b13464e70000000
2025-09-04 04:14:42.510100,1756955682.510101,can1,0x701,0,1,05
2025-09-04 04:14:42.604797,1756955682.604798,can1,0x20A,0,8,004c010052a00001
2025-09-04 04:14:42.605165,1756955682.605166,can1,0x30A,0,8,00000000004e3002
2025-09-04 04:14:42.610153,1756955682.610154,can1,0x701,0,1,05
2025-09-04 04:14:42.674538,1756955682.674539,can1,0x18A,0,8,7b13444e70000000
2025-09-04 04:14:42.710201,1756955682.710202,can1,0x701,0,1,05
2025-09-04 04:14:42.810231,1756955682.810232,can1,0x701,0,1,05
2025-09-04 04:14:42.854860,1756955682.854861,can1,0x20A,0,8,004c010052a00001
2025-09-04 04:14:42.855269,1756955682.855269,can1,0x30A,0,8,00000000004e3002
2025-09-04 04:14:42.874550,1756955682.874551,can1,0x18A,0,8,7b13464e70000000
2025-09-04 04:14:42.910356,1756955682.910356,can1,0x701,0,1,05
2025-09-04 04:14:43.010334,1756955683.010334,can1,0x701,0,1,05
2025-09-04 04:14:43.074252,1756955683.074253,can1,0x70A,0,1,05
2025-09-04 04:14:43.074463,1756955683.074463,can1,0x28A,0,8,0000000000000000
2025-09-04 04:14:43.074708,1756955683.074708,can1,0x38A,0,8,00000000a107ff00
2025-09-04 04:14:43.076145,1756955683.076145,can1,0x18A,0,8,7b13454e70000000
2025-09-04 04:14:43.104792,1756955683.104793,can1,0x20A,0,8,004c010052a00001
2025-09-04 04:14:43.105163,1756955683.105163,can1,0x30A,0,8,00000000004e3002
2025-09-04 04:14:43.110364,1756955683.110364,can1,0x701,0,1,05
2025-09-04 04:14:43.210422,1756955683.210422,can1,0x701,0,1,05
2025-09-04 04:14:43.274533,1756955683.274534,can1,0x18A,0,8,7b13454e70000000
2025-09-04 04:14:43.310444,1756955683.310445,can1,0x701,0,1,05
2025-09-04 04:14:43.354825,1756955683.354826,can1,0x20A,0,8,004c010052a00001
2025-09-04 04:14:43.355230,1756955683.355231,can1,0x30A,0,8,00000000004e3002
2025-09-04 04:14:43.410459,1756955683.410460,can1,0x701,0,1,05
2025-09-04 04:14:43.474495,1756955683.474495,can1,0x18A,0,8,7b13464e70000000
2025-09-04 04:14:43.510490,1756955683.510490,can1,0x701,0,1,05
2025-09-04 04:14:43.604938,1756955683.604939,can1,0x20A,0,8,004c010052a00001
2025-09-04 04:14:43.605360,1756955683.605361,can1,0x30A,0,8,00000000004e3002
2025-09-04 04:14:43.610525,1756955683.610526,can1,0x701,0,1,05
2025-09-04 04:14:43.674483,1756955683.674484,can1,0x18A,0,8,7b13444e70000000
2025-09-04 04:14:43.710654,1756955683.710654,can1,0x701,0,1,05
2025-09-04 04:14:43.810667,1756955683.810667,can1,0x701,0,1,05
2025-09-04 04:14:43.854869,1756955683.854869,can1,0x20A,0,8,004c010052a00001
2025-09-04 04:14:43.855311,1756955683.855312,can1,0x30A,0,8,00000000004e3002
2025-09-04 04:14:43.874564,1756955683.874564,can1,0x18A,0,8,7c13454e70000000
2025-09-04 04:14:43.910695,1756955683.910695,can1,0x701,0,1,05
2025-09-04 04:14:44.010717,1756955684.010717,can1,0x701,0,1,05
2025-09-04 04:14:44.074297,1756955684.074297,can1,0x70A,0,1,05
2025-09-04 04:14:44.074527,1756955684.074528,can1,0x28A,0,8,0000000000000000
2025-09-04 04:14:44.074774,1756955684.074774,can1,0x38A,0,8,00000000a407ff00
2025-09-04 04:14:44.076146,1756955684.076146,can1,0x18A,0,8,7c13454e70000000
2025-09-04 04:14:44.104836,1756955684.104837,can1,0x20A,0,8,004c010052a00001
2025-09-04 04:14:44.105238,1756955684.105238,can1,0x30A,0,8,00000000004e3002
2025-09-04 04:14:44.110753,1756955684.110753,can1,0x701,0,1,05
2025-09-04 04:14:44.210872,1756955684.210873,can1,0x701,0,1,05
2025-09-04 04:14:44.274495,1756955684.274496,can1,0x18A,0,8,7c13454e70000000
2025-09-04 04:14:44.310860,1756955684.310860,can1,0x701,0,1,05
2025-09-04 04:14:44.354809,1756955684.354809,can1,0x20A,0,8,004c010052a00001
2025-09-04 04:14:44.355214,1756955684.355215,can1,0x30A,0,8,00000000004e3002
2025-09-04 04:14:44.410910,1756955684.410910,can1,0x701,0,1,05
2025-09-04 04:14:44.474563,1756955684.474563,can1,0x18A,0,8,7c13454e70000000
2025-09-04 04:14:44.510911,1756955684.510911,can1,0x701,0,1,05
2025-09-04 04:14:44.604840,1756955684.604841,can1,0x20A,0,8,004c010052a00001
2025-09-04 04:14:44.605241,1756955684.605242,can1,0x30A,0,8,00000000004e3002
2025-09-04 04:14:44.610969,1756955684.610969,can1,0x701,0,1,05
2025-09-04 04:14:44.674524,1756955684.674525,can1,0x18A,0,8,7b13444e70000000
2025-09-04 04:14:44.710966,1756955684.710966,can1,0x701,0,1,05
2025-09-04 04:14:44.810991,1756955684.810991,can1,0x701,0,1,05
2025-09-04 04:14:44.854911,1756955684.854911,can1,0x20A,0,8,004c010052a00001
2025-09-04 04:14:44.855363,1756955684.855364,can1,0x30A,0,8,00000000004e3002
2025-09-04 04:14:44.874566,1756955684.874566,can1,0x18A,0,8,7b13444e70000000
2025-09-04 04:14:44.911100,1756955684.911100,can1,0x701,0,1,05
2025-09-04 04:14:45.011134,1756955685.011134,can1,0x701,0,1,05
2025-09-04 04:14:45.074547,1756955685.074548,can1,0x70A,0,1,05
2025-09-04 04:14:45.074641,1756955685.074642,can1,0x28A,0,8,0000000000000000
2025-09-04 04:14:45.076114,1756955685.076115,can1,0x38A,0,8,00000000a707ff00
2025-09-04 04:14:45.076282,1756955685.076283,can1,0x18A,0,8,7b13444e70000000
2025-09-04 04:14:45.105100,1756955685.105101,can1,0x20A,0,8,004c010052a00001
2025-09-04 04:14:45.105565,1756955685.105566,can1,0x30A,0,8,00000000004e3002
2025-09-04 04:14:45.111241,1756955685.111241,can1,0x701,0,1,05
2025-09-04 04:14:45.211280,1756955685.211281,can1,0x701,0,1,05
2025-09-04 04:14:45.274600,1756955685.274601,can1,0x18A,0,8,7b13454e70000000
2025-09-04 04:14:45.311281,1756955685.311282,can1,0x701,0,1,05
2025-09-04 04:14:45.356222,1756955685.356222,can1,0x20A,0,8,004c010052a00001
2025-09-04 04:14:45.356753,1756955685.356754,can1,0x30A,0,8,00000000004e3002
2025-09-04 04:14:45.411337,1756955685.411338,can1,0x701,0,1,05
2025-09-04 04:14:45.474576,1756955685.474577,can1,0x18A,0,8,7c13454e70000000
2025-09-04 04:14:45.511364,1756955685.511365,can1,0x701,0,1,05
2025-09-04 04:14:45.605348,1756955685.605349,can1,0x20A,0,8,004c010052a00001
2025-09-04 04:14:45.605815,1756955685.605816,can1,0x30A,0,8,00000000004e3002
2025-09-04 04:14:45.611439,1756955685.611440,can1,0x701,0,1,05
2025-09-04 04:14:45.674668,1756955685.674668,can1,0x18A,0,8,7c13464e70000000
2025-09-04 04:14:45.711452,1756955685.711452,can1,0x701,0,1,05
2025-09-04 04:14:45.811543,1756955685.811544,can1,0x701,0,1,05
2025-09-04 04:14:45.855072,1756955685.855072,can1,0x20A,0,8,004c010052a00001
2025-09-04 04:14:45.855546,1756955685.855546,can1,0x30A,0,8,00000000004e3002
2025-09-04 04:14:45.874586,1756955685.874587,can1,0x18A,0,8,7b13444e70000000
2025-09-04 04:14:45.911588,1756955685.911588,can1,0x701,0,1,05
2025-09-04 04:14:46.011619,1756955686.011619,can1,0x701,0,1,05
2025-09-04 04:14:46.074436,1756955686.074437,can1,0x70A,0,1,05
2025-09-04 04:14:46.074623,1756955686.074623,can1,0x28A,0,8,0000000000000000
2025-09-04 04:14:46.074860,1756955686.074861,can1,0x38A,0,8,00000000a907ff00
2025-09-04 04:14:46.076207,1756955686.076207,can1,0x18A,0,8,7c13454e70000000
2025-09-04 04:14:46.105201,1756955686.105202,can1,0x20A,0,8,004c010052a00001
2025-09-04 04:14:46.105688,1756955686.105688,can1,0x30A,0,8,00000000004e3002
2025-09-04 04:14:46.111665,1756955686.111665,can1,0x701,0,1,05
2025-09-04 04:14:46.211724,1756955686.211725,can1,0x701,0,1,05
2025-09-04 04:14:46.274694,1756955686.274695,can1,0x18A,0,8,7c13444e70000000
2025-09-04 04:14:46.311763,1756955686.311764,can1,0x701,0,1,05
2025-09-04 04:14:46.355192,1756955686.355192,can1,0x20A,0,8,004c010052a00001
2025-09-04 04:14:46.355643,1756955686.355643,can1,0x30A,0,8,00000000004e3002
2025-09-04 04:14:46.411772,1756955686.411772,can1,0x701,0,1,05
2025-09-04 04:14:46.474667,1756955686.474667,can1,0x18A,0,8,7c13454e70000000
2025-09-04 04:14:46.511807,1756955686.511807,can1,0x701,0,1,05
2025-09-04 04:14:46.605194,1756955686.605194,can1,0x20A,0,8,004c010052a00001
2025-09-04 04:14:46.605687,1756955686.605688,can1,0x30A,0,8,00000000004e3002
2025-09-04 04:14:46.611928,1756955686.611928,can1,0x701,0,1,05
2025-09-04 04:14:46.674615,1756955686.674616,can1,0x18A,0,8,7c13444e70000000
2025-09-04 04:14:46.711914,1756955686.711915,can1,0x701,0,1,05
2025-09-04 04:14:46.812015,1756955686.812015,can1,0x701,0,1,05
2025-09-04 04:14:46.854793,1756955686.854794,can1,0x20A,0,8,004c010052a00001
2025-09-04 04:14:46.855167,1756955686.855168,can1,0x30A,0,8,00000000004e3002
2025-09-04 04:14:46.874639,1756955686.874639,can1,0x18A,0,8,7b13444e70000000
2025-09-04 04:14:46.912013,1756955686.912013,can1,0x701,0,1,05
2025-09-04 04:14:47.012011,1756955687.012012,can1,0x701,0,1,05
2025-09-04 04:14:47.074349,1756955687.074350,can1,0x70A,0,1,05
2025-09-04 04:14:47.074616,1756955687.074617,can1,0x28A,0,8,0000000000000000
2025-09-04 04:14:47.074851,1756955687.074852,can1,0x38A,0,8,00000000ab07ff00
2025-09-04 04:14:47.076188,1756955687.076188,can1,0x18A,0,8,7b13464e70000000
2025-09-04 04:14:47.104776,1756955687.104777,can1,0x20A,0,8,004c010052a00001
2025-09-04 04:14:47.105191,1756955687.105191,can1,0x30A,0,8,00000000004e3002
2025-09-04 04:14:47.112065,1756955687.112066,can1,0x701,0,1,05
2025-09-04 04:14:47.212118,1756955687.212119,can1,0x701,0,1,05
2025-09-04 04:14:47.274504,1756955687.274505,can1,0x18A,0,8,7c13454e70000000
2025-09-04 04:14:47.312114,1756955687.312114,can1,0x701,0,1,05
2025-09-04 04:14:47.354811,1756955687.354812,can1,0x20A,0,8,004c010052a00001
2025-09-04 04:14:47.355221,1756955687.355222,can1,0x30A,0,8,00000000004e3002
2025-09-04 04:14:47.412161,1756955687.412161,can1,0x701,0,1,05
2025-09-04 04:14:47.474670,1756955687.474670,can1,0x18A,0,8,7c13464e70000000
2025-09-04 04:14:47.512186,1756955687.512186,can1,0x701,0,1,05
2025-09-04 04:14:47.604835,1756955687.604836,can1,0x20A,0,8,004c010052a00001
2025-09-04 04:14:47.605235,1756955687.605236,can1,0x30A,0,8,00000000004e3002
2025-09-04 04:14:47.612276,1756955687.612277,can1,0x701,0,1,05
2025-09-04 04:14:47.674546,1756955687.674547,can1,0x18A,0,8,7c13444e70000000
2025-09-04 04:14:47.712256,1756955687.712256,can1,0x701,0,1,05
2025-09-04 04:14:47.812290,1756955687.812291,can1,0x701,0,1,05
2025-09-04 04:14:47.855111,1756955687.855112,can1,0x20A,0,8,004c010052a00001
2025-09-04 04:14:47.855541,1756955687.855542,can1,0x30A,0,8,00000000004e3002
2025-09-04 04:14:47.874527,1756955687.874528,can1,0x18A,0,8,7c13444e70000000
2025-09-04 04:14:47.912322,1756955687.912323,can1,0x701,0,1,05
2025-09-04 04:14:48.012349,1756955688.012349,can1,0x701,0,1,05
2025-09-04 04:14:48.074442,1756955688.074442,can1,0x70A,0,1,05
2025-09-04 04:14:48.074646,1756955688.074647,can1,0x28A,0,8,0000000000000000
2025-09-04 04:14:48.076181,1756955688.076182,can1,0x38A,0,8,00000000ac07ff00
2025-09-04 04:14:48.076349,1756955688.076349,can1,0x18A,0,8,7c13444e70000000
2025-09-04 04:14:48.104601,1756955688.104601,can1,0x20A,0,8,004c010052a00001
2025-09-04 04:14:48.105017,1756955688.105017,can1,0x30A,0,8,00000000004e3002
2025-09-04 04:14:48.112404,1756955688.112405,can1,0x701,0,1,05
2025-09-04 04:14:48.212420,1756955688.212420,can1,0x701,0,1,05
2025-09-04 04:14:48.274584,1756955688.274584,can1,0x18A,0,8,7c13454e70000000
2025-09-04 04:14:48.312444,1756955688.312445,can1,0x701,0,1,05
2025-09-04 04:14:48.354858,1756955688.354858,can1,0x20A,0,8,004c010052a00001
2025-09-04 04:14:48.355261,1756955688.355261,can1,0x30A,0,8,00000000004e3002
2025-09-04 04:14:48.412477,1756955688.412477,can1,0x701,0,1,05
2025-09-04 04:14:48.474570,1756955688.474571,can1,0x18A,0,8,7c13444e70000000
2025-09-04 04:14:48.512512,1756955688.512513,can1,0x701,0,1,05
2025-09-04 04:14:48.605418,1756955688.605419,can1,0x20A,0,8,004c010052a00001
2025-09-04 04:14:48.605898,1756955688.605898,can1,0x30A,0,8,00000000004e3002
2025-09-04 04:14:48.612578,1756955688.612578,can1,0x701,0,1,05
2025-09-04 04:14:48.674679,1756955688.674679,can1,0x18A,0,8,7c13464e70000000
2025-09-04 04:14:48.712591,1756955688.712591,can1,0x701,0,1,05
2025-09-04 04:14:48.812616,1756955688.812616,can1,0x701,0,1,05
2025-09-04 04:14:48.854894,1756955688.854894,can1,0x20A,0,8,004c010052a00001
2025-09-04 04:14:48.855297,1756955688.855297,can1,0x30A,0,8,00000000004e3002
2025-09-04 04:14:48.874646,1756955688.874646,can1,0x18A,0,8,7c13444e70000000
2025-09-04 04:14:48.912640,1756955688.912640,can1,0x701,0,1,05
2025-09-04 04:14:49.012665,1756955689.012666,can1,0x701,0,1,05
2025-09-04 04:14:49.074518,1756955689.074519,can1,0x70A,0,1,05
2025-09-04 04:14:49.074672,1756955689.074672,can1,0x28A,0,8,0000000000000000
2025-09-04 04:14:49.074921,1756955689.074921,can1,0x38A,0,8,00000000ac07ff00
2025-09-04 04:14:49.076330,1756955689.076330,can1,0x18A,0,8,7c13434e70000000
2025-09-04 04:14:49.105002,1756955689.105003,can1,0x20A,0,8,004c010052a00001
2025-09-04 04:14:49.105480,1756955689.105481,can1,0x30A,0,8,00000000004e3002
2025-09-04 04:14:49.112695,1756955689.112695,can1,0x701,0,1,05
2025-09-04 04:14:49.212733,1756955689.212733,can1,0x701,0,1,05
2025-09-04 04:14:49.274741,1756955689.274742,can1,0x18A,0,8,7c13454e70000000
2025-09-04 04:14:49.312757,1756955689.312758,can1,0x701,0,1,05
2025-09-04 04:14:49.354842,1756955689.354842,can1,0x20A,0,8,004c010052a00001
2025-09-04 04:14:49.355259,1756955689.355259,can1,0x30A,0,8,00000000004e3002
2025-09-04 04:14:49.412789,1756955689.412789,can1,0x701,0,1,05
2025-09-04 04:14:49.474685,1756955689.474685,can1,0x18A,0,8,7b13464e70000000
2025-09-04 04:14:49.512811,1756955689.512811,can1,0x701,0,1,05
2025-09-04 04:14:49.604798,1756955689.604798,can1,0x20A,0,8,004c010052a00001
2025-09-04 04:14:49.605191,1756955689.605192,can1,0x30A,0,8,00000000004e3002
2025-09-04 04:14:49.612838,1756955689.612838,can1,0x701,0,1,05
2025-09-04 04:14:49.674687,1756955689.674688,can1,0x18A,0,8,7b13464e70000000
2025-09-04 04:14:49.712888,1756955689.712888,can1,0x701,0,1,05
2025-09-04 04:14:49.812898,1756955689.812898,can1,0x701,0,1,05
2025-09-04 04:14:49.854796,1756955689.854796,can1,0x20A,0,8,004c010052a00001
2025-09-04 04:14:49.855367,1756955689.855368,can1,0x30A,0,8,00000000004e3002
2025-09-04 04:14:49.874764,1756955689.874765,can1,0x18A,0,8,7b13444e70000000
2025-09-04 04:14:49.912921,1756955689.912921,can1,0x701,0,1,05
2025-09-04 04:14:50.012996,1756955690.012997,can1,0x701,0,1,05
2025-09-04 04:14:50.074526,1756955690.074527,can1,0x70A,0,1,05
2025-09-04 04:14:50.074753,1756955690.074753,can1,0x28A,0,8,0000000000000000
2025-09-04 04:14:50.074995,1756955690.074996,can1,0x38A,0,8,00000000ad07ff00
2025-09-04 04:14:50.076354,1756955690.076355,can1,0x18A,0,8,7b13454e70000000
2025-09-04 04:14:50.104799,1756955690.104800,can1,0x20A,0,8,004c010052a00001
2025-09-04 04:14:50.105204,1756955690.105205,can1,0x30A,0,8,00000000004e3002
2025-09-04 04:14:50.112984,1756955690.112985,can1,0x701,0,1,05
2025-09-04 04:14:50.213016,1756955690.213017,can1,0x701,0,1,05
2025-09-04 04:14:50.274683,1756955690.274684,can1,0x18A,0,8,7b13454e70000000
2025-09-04 04:14:50.313040,1756955690.313041,can1,0x701,0,1,05
2025-09-04 04:14:50.354811,1756955690.354812,can1,0x20A,0,8,004c010052a00001
2025-09-04 04:14:50.355202,1756955690.355203,can1,0x30A,0,8,00000000004e3002
2025-09-04 04:14:50.413076,1756955690.413077,can1,0x701,0,1,05
2025-09-04 04:14:50.474772,1756955690.474773,can1,0x18A,0,8,7b13444e70000000
2025-09-04 04:14:50.513172,1756955690.513173,can1,0x701,0,1,05
2025-09-04 04:14:50.604802,1756955690.604802,can1,0x20A,0,8,004c010052a00001
2025-09-04 04:14:50.605195,1756955690.605196,can1,0x30A,0,8,00000000004e3002
2025-09-04 04:14:50.613188,1756955690.613189,can1,0x701,0,1,05
2025-09-04 04:14:50.674741,1756955690.674741,can1,0x18A,0,8,7b13444e70000000
2025-09-04 04:14:50.713224,1756955690.713225,can1,0x701,0,1,05
2025-09-04 04:14:50.813310,1756955690.813311,can1,0x701,0,1,05
2025-09-04 04:14:50.854555,1756955690.854556,can1,0x20A,0,8,004c010052a00001
2025-09-04 04:14:50.854955,1756955690.854956,can1,0x30A,0,8,00000000004e3002
2025-09-04 04:14:50.874719,1756955690.874719,can1,0x18A,0,8,7b13444e70000000
2025-09-04 04:14:50.913325,1756955690.913325,can1,0x701,0,1,05
2025-09-04 04:14:51.013341,1756955691.013342,can1,0x701,0,1,05
2025-09-04 04:14:51.074625,1756955691.074626,can1,0x70A,0,1,05
2025-09-04 04:14:51.074838,1756955691.074838,can1,0x28A,0,8,0000000000000000
2025-09-04 04:14:51.076358,1756955691.076358,can1,0x38A,0,8,00000000ae07ff00
2025-09-04 04:14:51.076549,1756955691.076549,can1,0x18A,0,8,7b13464e70000000
2025-09-04 04:14:51.104956,1756955691.104957,can1,0x20A,0,8,004c010052a00001
2025-09-04 04:14:51.105429,1756955691.105429,can1,0x30A,0,8,00000000004e3002
2025-09-04 04:14:51.113383,1756955691.113383,can1,0x701,0,1,05
2025-09-04 04:14:51.213393,1756955691.213393,can1,0x701,0,1,05
2025-09-04 04:14:51.274753,1756955691.274754,can1,0x18A,0,8,7b13464e70000000
2025-09-04 04:14:51.313460,1756955691.313461,can1,0x701,0,1,05
2025-09-04 04:14:51.354822,1756955691.354823,can1,0x20A,0,8,004c010052a00001
2025-09-04 04:14:51.355228,1756955691.355228,can1,0x30A,0,8,00000000004e3002
2025-09-04 04:14:51.413524,1756955691.413524,can1,0x701,0,1,05
2025-09-04 04:14:51.474776,1756955691.474777,can1,0x18A,0,8,7b13454e70000000
2025-09-04 04:14:51.513514,1756955691.513515,can1,0x701,0,1,05
2025-09-04 04:14:51.604822,1756955691.604823,can1,0x20A,0,8,004c010052a00001
2025-09-04 04:14:51.605225,1756955691.605226,can1,0x30A,0,8,00000000004e3002
2025-09-04 04:14:51.613544,1756955691.613545,can1,0x701,0,1,05
2025-09-04 04:14:51.674856,1756955691.674857,can1,0x18A,0,8,7b13454e70000000
2025-09-04 04:14:51.713650,1756955691.713650,can1,0x701,0,1,05
2025-09-04 04:14:51.813644,1756955691.813644,can1,0x701,0,1,05
2025-09-04 04:14:51.855502,1756955691.855503,can1,0x20A,0,8,004c010052a00001
2025-09-04 04:14:51.856027,1756955691.856027,can1,0x30A,0,8,00000000004e3002
2025-09-04 04:14:51.874870,1756955691.874871,can1,0x18A,0,8,7b13444e70000000
2025-09-04 04:14:51.913761,1756955691.913761,can1,0x701,0,1,05
2025-09-04 04:14:52.013796,1756955692.013796,can1,0x701,0,1,05
2025-09-04 04:14:52.074721,1756955692.074722,can1,0x70A,0,1,05
2025-09-04 04:14:52.074929,1756955692.074930,can1,0x28A,0,8,0000000000000000
2025-09-04 04:14:52.076517,1756955692.076518,can1,0x38A,0,8,00000000af07ff00
2025-09-04 04:14:52.076603,1756955692.076603,can1,0x18A,0,8,7b13444e70000000
2025-09-04 04:14:52.105400,1756955692.105400,can1,0x20A,0,8,004c010052a00001
2025-09-04 04:14:52.105875,1756955692.105875,can1,0x30A,0,8,00000000004e3002
2025-09-04 04:14:52.113899,1756955692.113899,can1,0x701,0,1,05
2025-09-04 04:14:52.213936,1756955692.213937,can1,0x701,0,1,05
2025-09-04 04:14:52.274955,1756955692.274956,can1,0x18A,0,8,7b13474e70000000
2025-09-04 04:14:52.314046,1756955692.314046,can1,0x701,0,1,05
2025-09-04 04:14:52.355235,1756955692.355235,can1,0x20A,0,8,004c010052a00001
2025-09-04 04:14:52.355719,1756955692.355719,can1,0x30A,0,8,00000000004e3002
2025-09-04 04:14:52.414089,1756955692.414090,can1,0x701,0,1,05
2025-09-04 04:14:52.476296,1756955692.476296,can1,0x18A,0,8,7b13454e70000000
2025-09-04 04:14:52.514130,1756955692.514130,can1,0x701,0,1,05
2025-09-04 04:14:52.605183,1756955692.605184,can1,0x20A,0,8,004c010052a00001
2025-09-04 04:14:52.605664,1756955692.605664,can1,0x30A,0,8,00000000004e3002
2025-09-04 04:14:52.614191,1756955692.614191,can1,0x701,0,1,05
2025-09-04 04:14:52.676385,1756955692.676386,can1,0x18A,0,8,7b13454e70000000
2025-09-04 04:14:52.714265,1756955692.714266,can1,0x701,0,1,05
2025-09-04 04:14:52.814301,1756955692.814301,can1,0x701,0,1,05
2025-09-04 04:14:52.855061,1756955692.855062,can1,0x20A,0,8,004c010052a00001
2025-09-04 04:14:52.855506,1756955692.855507,can1,0x30A,0,8,00000000004e3002
2025-09-04 04:14:52.876381,1756955692.876381,can1,0x18A,0,8,7c13454e70000000
2025-09-04 04:14:52.914321,1756955692.914322,can1,0x701,0,1,05
2025-09-04 04:14:53.014433,1756955693.014434,can1,0x701,0,1,05
2025-09-04 04:14:53.076161,1756955693.076162,can1,0x70A,0,1,05
2025-09-04 04:14:53.076377,1756955693.076377,can1,0x28A,0,8,0000000000000000
2025-09-04 04:14:53.076623,1756955693.076623,can1,0x38A,0,8,00000000be07ff00
2025-09-04 04:14:53.076857,1756955693.076857,can1,0x18A,0,8,7b13464e70000000
2025-09-04 04:14:53.104781,1756955693.104782,can1,0x20A,0,8,004c010052a00001
2025-09-04 04:14:53.105161,1756955693.105161,can1,0x30A,0,8,00000000004e3002
2025-09-04 04:14:53.114416,1756955693.114417,can1,0x701,0,1,05
2025-09-04 04:14:53.214451,1756955693.214452,can1,0x701,0,1,05
2025-09-04 04:14:53.276437,1756955693.276438,can1,0x18A,0,8,7c13444e70000000
2025-09-04 04:14:53.314448,1756955693.314448,can1,0x701,0,1,05
2025-09-04 04:14:53.354839,1756955693.354839,can1,0x20A,0,8,004c010052a00001
2025-09-04 04:14:53.355246,1756955693.355247,can1,0x30A,0,8,00000000004e3002
2025-09-04 04:14:53.414471,1756955693.414471,can1,0x701,0,1,05
2025-09-04 04:14:53.476434,1756955693.476435,can1,0x18A,0,8,7c13454e70000000
2025-09-04 04:14:53.514500,1756955693.514501,can1,0x701,0,1,05
2025-09-04 04:14:53.604792,1756955693.604792,can1,0x20A,0,8,004c010052a00001
2025-09-04 04:14:53.605164,1756955693.605165,can1,0x30A,0,8,00000000004e3002
2025-09-04 04:14:53.614531,1756955693.614531,can1,0x701,0,1,05
2025-09-04 04:14:53.676427,1756955693.676428,can1,0x18A,0,8,7c13464e70000000
2025-09-04 04:14:53.714572,1756955693.714572,can1,0x701,0,1,05
2025-09-04 04:14:53.814606,1756955693.814607,can1,0x701,0,1,05
2025-09-04 04:14:53.854990,1756955693.854990,can1,0x20A,0,8,004c010052a00001
2025-09-04 04:14:53.855395,1756955693.855396,can1,0x30A,0,8,00000000004e3002
2025-09-04 04:14:53.876512,1756955693.876512,can1,0x18A,0,8,7c13454e70000000
2025-09-04 04:14:53.914622,1756955693.914623,can1,0x701,0,1,05
2025-09-04 04:14:54.014644,1756955694.014645,can1,0x701,0,1,05
2025-09-04 04:14:54.076338,1756955694.076338,can1,0x70A,0,1,05
2025-09-04 04:14:54.076554,1756955694.076555,can1,0x28A,0,8,0000000000000000
2025-09-04 04:14:54.076796,1756955694.076796,can1,0x38A,0,8,00000000bf07ff00
2025-09-04 04:14:54.077036,1756955694.077037,can1,0x18A,0,8,7c13444e70000000
2025-09-04 04:14:54.104787,1756955694.104788,can1,0x20A,0,8,004c010052a00001
2025-09-04 04:14:54.105182,1756955694.105183,can1,0x30A,0,8,00000000004e3002
2025-09-04 04:14:54.114681,1756955694.114681,can1,0x701,0,1,05
2025-09-04 04:14:54.214696,1756955694.214696,can1,0x701,0,1,05
2025-09-04 04:14:54.276506,1756955694.276507,can1,0x18A,0,8,7c13454e70000000
2025-09-04 04:14:54.314723,1756955694.314723,can1,0x701,0,1,05
2025-09-04 04:14:54.354835,1756955694.354836,can1,0x20A,0,8,004c010052a00001
2025-09-04 04:14:54.355242,1756955694.355242,can1,0x30A,0,8,00000000004e3002
2025-09-04 04:14:54.414742,1756955694.414742,can1,0x701,0,1,05
2025-09-04 04:14:54.476589,1756955694.476590,can1,0x18A,0,8,7c13444e70000000
2025-09-04 04:14:54.514770,1756955694.514771,can1,0x701,0,1,05
2025-09-04 04:14:54.604824,1756955694.604825,can1,0x20A,0,8,004c010052a00001
2025-09-04 04:14:54.605206,1756955694.605206,can1,0x30A,0,8,00000000004e3002
2025-09-04 04:14:54.614798,1756955694.614798,can1,0x701,0,1,05
2025-09-04 04:14:54.676630,1756955694.676631,can1,0x18A,0,8,7c13444e70000000
2025-09-04 04:14:54.714856,1756955694.714856,can1,0x701,0,1,05
2025-09-04 04:14:54.814863,1756955694.814863,can1,0x701,0,1,05
2025-09-04 04:14:54.854855,1756955694.854855,can1,0x20A,0,8,004c010052a00001
2025-09-04 04:14:54.855262,1756955694.855262,can1,0x30A,0,8,00000000004e3002
2025-09-04 04:14:54.876619,1756955694.876619,can1,0x18A,0,8,7c13444e70000000
2025-09-04 04:14:54.914897,1756955694.914898,can1,0x701,0,1,05
2025-09-04 04:14:55.014928,1756955695.014928,can1,0x701,0,1,05
2025-09-04 04:14:55.076499,1756955695.076500,can1,0x70A,0,1,05
2025-09-04 04:14:55.076725,1756955695.076726,can1,0x28A,0,8,0000000000000000
2025-09-04 04:14:55.076967,1756955695.076968,can1,0x38A,0,8,00000000be07ff00
2025-09-04 04:14:55.077192,1756955695.077192,can1,0x18A,0,8,7c13454e70000000
2025-09-04 04:14:55.104789,1756955695.104790,can1,0x20A,0,8,004c010052a00001
2025-09-04 04:14:55.105212,1756955695.105212,can1,0x30A,0,8,00000000004e3002
2025-09-04 04:14:55.114950,1756955695.114951,can1,0x701,0,1,05
2025-09-04 04:14:55.214985,1756955695.214985,can1,0x701,0,1,05
2025-09-04 04:14:55.276726,1756955695.276727,can1,0x18A,0,8,7c13454e70000000
2025-09-04 04:14:55.315004,1756955695.315005,can1,0x701,0,1,05
2025-09-04 04:14:55.354796,1756955695.354796,can1,0x20A,0,8,004c010052a00001
2025-09-04 04:14:55.355168,1756955695.355168,can1,0x30A,0,8,00000000004e3002
2025-09-04 04:14:55.415037,1756955695.415038,can1,0x701,0,1,05
2025-09-04 04:14:55.476710,1756955695.476710,can1,0x18A,0,8,7c13454e70000000
2025-09-04 04:14:55.515050,1756955695.515051,can1,0x701,0,1,05
2025-09-04 04:14:55.605164,1756955695.605164,can1,0x20A,0,8,004c010052a00001
2025-09-04 04:14:55.605546,1756955695.605546,can1,0x30A,0,8,00000000004e3002
2025-09-04 04:14:55.615085,1756955695.615085,can1,0x701,0,1,05
2025-09-04 04:14:55.676795,1756955695.676795,can1,0x18A,0,8,7c13454e70000000
2025-09-04 04:14:55.715119,1756955695.715119,can1,0x701,0,1,05
2025-09-04 04:14:55.815183,1756955695.815184,can1,0x701,0,1,05
2025-09-04 04:14:55.854806,1756955695.854806,can1,0x20A,0,8,004c010052a00001
2025-09-04 04:14:55.855178,1756955695.855178,can1,0x30A,0,8,00000000004e3002
2025-09-04 04:14:55.876826,1756955695.876826,can1,0x18A,0,8,7c13454e70000000
2025-09-04 04:14:55.915194,1756955695.915195,can1,0x701,0,1,05
2025-09-04 04:14:56.015243,1756955696.015244,can1,0x701,0,1,05
2025-09-04 04:14:56.076616,1756955696.076617,can1,0x70A,0,1,05
2025-09-04 04:14:56.076828,1756955696.076828,can1,0x28A,0,8,0000000000000000
2025-09-04 04:14:56.077071,1756955696.077072,can1,0x38A,0,8,00000000be07ff00
2025-09-04 04:14:56.077303,1756955696.077303,can1,0x18A,0,8,7b13444e70000000
2025-09-04 04:14:56.104665,1756955696.104666,can1,0x20A,0,8,004c010052a00001
2025-09-04 04:14:56.105028,1756955696.105029,can1,0x30A,0,8,00000000004e3002
2025-09-04 04:14:56.115254,1756955696.115254,can1,0x701,0,1,05
2025-09-04 04:14:56.215273,1756955696.215274,can1,0x701,0,1,05
2025-09-04 04:14:56.276888,1756955696.276888,can1,0x18A,0,8,7b13454e70000000
2025-09-04 04:14:56.315334,1756955696.315335,can1,0x701,0,1,05
2025-09-04 04:14:56.354838,1756955696.354839,can1,0x20A,0,8,004c010052a00001
2025-09-04 04:14:56.355239,1756955696.355240,can1,0x30A,0,8,00000000004e3002
2025-09-04 04:14:56.415377,1756955696.415377,can1,0x701,0,1,05
2025-09-04 04:14:56.476916,1756955696.476916,can1,0x18A,0,8,7b13434e70000000
2025-09-04 04:14:56.515412,1756955696.515412,can1,0x701,0,1,05
2025-09-04 04:14:56.604622,1756955696.604623,can1,0x20A,0,8,004c010052a00001
2025-09-04 04:14:56.605485,1756955696.605486,can1,0x30A,0,8,00000000004e3002
2025-09-04 04:14:56.615441,1756955696.615441,can1,0x701,0,1,05
2025-09-04 04:14:56.676891,1756955696.676891,can1,0x18A,0,8,7b13444e70000000
2025-09-04 04:14:56.715475,1756955696.715476,can1,0x701,0,1,05
2025-09-04 04:14:56.815501,1756955696.815501,can1,0x701,0,1,05
2025-09-04 04:14:56.854823,1756955696.854824,can1,0x20A,0,8,004c010052a00001
2025-09-04 04:14:56.855226,1756955696.855227,can1,0x30A,0,8,00000000004e3002
2025-09-04 04:14:56.876998,1756955696.876999,can1,0x18A,0,8,7b13454e70000000
2025-09-04 04:14:56.915521,1756955696.915522,can1,0x701,0,1,05
2025-09-04 04:14:57.015553,1756955697.015554,can1,0x701,0,1,05
2025-09-04 04:14:57.076855,1756955697.076856,can1,0x70A,0,1,05
2025-09-04 04:14:57.077035,1756955697.077036,can1,0x28A,0,8,0000000000000000
2025-09-04 04:14:57.077281,1756955697.077282,can1,0x38A,0,8,00000000be07ff00
2025-09-04 04:14:57.078614,1756955697.078614,can1,0x18A,0,8,7b13454e70000000
2025-09-04 04:14:57.104891,1756955697.104892,can1,0x20A,0,8,004c010052a00001
2025-09-04 04:14:57.105302,1756955697.105302,can1,0x30A,0,8,00000000004e3002
2025-09-04 04:14:57.115589,1756955697.115590,can1,0x701,0,1,05
2025-09-04 04:14:57.215631,1756955697.215631,can1,0x701,0,1,05
2025-09-04 04:14:57.276978,1756955697.276978,can1,0x18A,0,8,7b13444e70000000
2025-09-04 04:14:57.315662,1756955697.315662,can1,0x701,0,1,05
2025-09-04 04:14:57.354866,1756955697.354866,can1,0x20A,0,8,004c010052a00001
2025-09-04 04:14:57.355284,1756955697.355285,can1,0x30A,0,8,00000000004e3002
2025-09-04 04:14:57.415690,1756955697.415691,can1,0x701,0,1,05
2025-09-04 04:14:57.477037,1756955697.477037,can1,0x18A,0,8,7b13454e70000000
2025-09-04 04:14:57.515712,1756955697.515713,can1,0x701,0,1,05
2025-09-04 04:14:57.604804,1756955697.604805,can1,0x20A,0,8,004c010052a00001
2025-09-04 04:14:57.605184,1756955697.605184,can1,0x30A,0,8,00000000004e3002
2025-09-04 04:14:57.615753,1756955697.615754,can1,0x701,0,1,05
2025-09-04 04:14:57.677043,1756955697.677043,can1,0x18A,0,8,7b13454e70000000
2025-09-04 04:14:57.715788,1756955697.715788,can1,0x701,0,1,05
2025-09-04 04:14:57.815857,1756955697.815858,can1,0x701,0,1,05
2025-09-04 04:14:57.854792,1756955697.854792,can1,0x20A,0,8,004c010052a00001
2025-09-04 04:14:57.855218,1756955697.855219,can1,0x30A,0,8,00000000004e3002
2025-09-04 04:14:57.876977,1756955697.876977,can1,0x18A,0,8,7b13444e70000000
2025-09-04 04:14:57.915846,1756955697.915847,can1,0x701,0,1,05
2025-09-04 04:14:58.015871,1756955698.015872,can1,0x701,0,1,05
2025-09-04 04:14:58.076929,1756955698.076929,can1,0x70A,0,1,05
2025-09-04 04:14:58.077133,1756955698.077133,can1,0x28A,0,8,0000000000000000
2025-09-04 04:14:58.078666,1756955698.078667,can1,0x38A,0,8,00000000bd07ff00
2025-09-04 04:14:58.078775,1756955698.078776,can1,0x18A,0,8,7b13444e70000000
2025-09-04 04:14:58.105251,1756955698.105252,can1,0x20A,0,8,004c010052a00001
2025-09-04 04:14:58.105743,1756955698.105743,can1,0x30A,0,8,00000000004e3002
2025-09-04 04:14:58.115988,1756955698.115988,can1,0x701,0,1,05
2025-09-04 04:14:58.216041,1756955698.216041,can1,0x701,0,1,05
2025-09-04 04:14:58.277103,1756955698.277104,can1,0x18A,0,8,7b13464e70000000
2025-09-04 04:14:58.316082,1756955698.316083,can1,0x701,0,1,05
2025-09-04 04:14:58.355195,1756955698.355196,can1,0x20A,0,8,004c010052a00001
2025-09-04 04:14:58.355641,1756955698.355642,can1,0x30A,0,8,00000000004e3002
2025-09-04 04:14:58.416148,1756955698.416148,can1,0x701,0,1,05
2025-09-04 04:14:58.477068,1756955698.477068,can1,0x18A,0,8,7b13444e70000000
2025-09-04 04:14:58.516192,1756955698.516192,can1,0x701,0,1,05
2025-09-04 04:14:58.605246,1756955698.605247,can1,0x20A,0,8,004c010052a00001
2025-09-04 04:14:58.605710,1756955698.605711,can1,0x30A,0,8,00000000004e3002
2025-09-04 04:14:58.616881,1756955698.616882,can1,0x701,0,1,05
2025-09-04 04:14:58.677119,1756955698.677120,can1,0x18A,0,8,7b13454e70000000
2025-09-04 04:14:58.716286,1756955698.716286,can1,0x701,0,1,05
2025-09-04 04:14:58.816485,1756955698.816486,can1,0x701,0,1,05
2025-09-04 04:14:58.855247,1756955698.855248,can1,0x20A,0,8,004c010052a00001
2025-09-04 04:14:58.855747,1756955698.855747,can1,0x30A,0,8,00000000004e3002
2025-09-04 04:14:58.877095,1756955698.877095,can1,0x18A,0,8,7b13454e70000000
2025-09-04 04:14:58.916390,1756955698.916391,can1,0x701,0,1,05
2025-09-04 04:14:59.016429,1756955699.016430,can1,0x701,0,1,05
2025-09-04 04:14:59.076904,1756955699.076905,can1,0x70A,0,1,05
2025-09-04 04:14:59.077101,1756955699.077101,can1,0x28A,0,8,0000000000000000
2025-09-04 04:14:59.077345,1756955699.077346,can1,0x38A,0,8,00000000be07ff00
2025-09-04 04:14:59.078771,1756955699.078772,can1,0x18A,0,8,7b13454e70000000
2025-09-04 04:14:59.105261,1756955699.105262,can1,0x20A,0,8,004c010052a00001
2025-09-04 04:14:59.105743,1756955699.105743,can1,0x30A,0,8,00000000004e3002
2025-09-04 04:14:59.116489,1756955699.116489,can1,0x701,0,1,05
2025-09-04 04:14:59.216518,1756955699.216518,can1,0x701,0,1,05
2025-09-04 04:14:59.277155,1756955699.277155,can1,0x18A,0,8,7c13454e70000000
2025-09-04 04:14:59.316568,1756955699.316568,can1,0x701,0,1,05
2025-09-04 04:14:59.355303,1756955699.355303,can1,0x20A,0,8,004c010052a00001
2025-09-04 04:14:59.355775,1756955699.355776,can1,0x30A,0,8,00000000004e3002
2025-09-04 04:14:59.416611,1756955699.416612,can1,0x701,0,1,05
2025-09-04 04:14:59.477114,1756955699.477115,can1,0x18A,0,8,7b13444e70000000
2025-09-04 04:14:59.516620,1756955699.516620,can1,0x701,0,1,05
2025-09-04 04:14:59.604808,1756955699.604808,can1,0x20A,0,8,004c010052a00001
2025-09-04 04:14:59.605232,1756955699.605232,can1,0x30A,0,8,00000000004e3002
2025-09-04 04:14:59.616697,1756955699.616698,can1,0x701,0,1,05
2025-09-04 04:14:59.677124,1756955699.677125,can1,0x18A,0,8,7b13454e70000000
2025-09-04 04:14:59.716747,1756955699.716747,can1,0x701,0,1,05
2025-09-04 04:14:59.816863,1756955699.816864,can1,0x701,0,1,05
2025-09-04 04:14:59.854627,1756955699.854628,can1,0x20A,0,8,004c010052a00001
2025-09-04 04:14:59.855649,1756955699.855649,can1,0x30A,0,8,00000000004e3002
2025-09-04 04:14:59.877118,1756955699.877119,can1,0x18A,0,8,7b13454e70000000
2025-09-04 04:14:59.916797,1756955699.916798,can1,0x701,0,1,05
2025-09-04 04:15:00.016832,1756955700.016833,can1,0x701,0,1,05
2025-09-04 04:15:00.076930,1756955700.076931,can1,0x70A,0,1,05
2025-09-04 04:15:00.077145,1756955700.077146,can1,0x28A,0,8,0000000000000000
2025-09-04 04:15:00.077390,1756955700.077390,can1,0x38A,0,8,00000000be07ff00
2025-09-04 04:15:00.078721,1756955700.078721,can1,0x18A,0,8,7b13444e70000000
2025-09-04 04:15:00.105467,1756955700.105467,can1,0x20A,0,8,004c010052a00001
2025-09-04 04:15:00.105979,1756955700.105980,can1,0x30A,0,8,00000000004e3002
2025-09-04 04:15:00.116865,1756955700.116866,can1,0x701,0,1,05
2025-09-04 04:15:00.216904,1756955700.216904,can1,0x701,0,1,05
2025-09-04 04:15:00.277094,1756955700.277095,can1,0x18A,0,8,7b13454e70000000
2025-09-04 04:15:00.316933,1756955700.316934,can1,0x701,0,1,05
2025-09-04 04:15:00.354882,1756955700.354883,can1,0x20A,0,8,004c010052a00001
2025-09-04 04:15:00.355290,1756955700.355291,can1,0x30A,0,8,00000000004e3002
2025-09-04 04:15:00.416967,1756955700.416968,can1,0x701,0,1,05
2025-09-04 04:15:00.477142,1756955700.477143,can1,0x18A,0,8,7b13444e70000000
2025-09-04 04:15:00.517014,1756955700.517014,can1,0x701,0,1,05
2025-09-04 04:15:00.604839,1756955700.604839,can1,0x20A,0,8,004c010052a00001
2025-09-04 04:15:00.605253,1756955700.605253,can1,0x30A,0,8,00000000004e3002
2025-09-04 04:15:00.617037,1756955700.617037,can1,0x701,0,1,05
2025-09-04 04:15:00.677137,1756955700.677138,can1,0x18A,0,8,7b13434e70000000
2025-09-04 04:15:00.717054,1756955700.717054,can1,0x701,0,1,05
2025-09-04 04:15:00.817090,1756955700.817090,can1,0x701,0,1,05
2025-09-04 04:15:00.854804,1756955700.854804,can1,0x20A,0,8,004c010052a00001
2025-09-04 04:15:00.855217,1756955700.855217,can1,0x30A,0,8,00000000004e3002
2025-09-04 04:15:00.877114,1756955700.877115,can1,0x18A,0,8,7b13454e70000000
2025-09-04 04:15:00.917114,1756955700.917114,can1,0x701,0,1,05
2025-09-04 04:15:01.017145,1756955701.017146,can1,0x701,0,1,05
2025-09-04 04:15:01.076962,1756955701.076962,can1,0x70A,0,1,05
2025-09-04 04:15:01.077189,1756955701.077189,can1,0x28A,0,8,0000000000000000
2025-09-04 04:15:01.077447,1756955701.077447,can1,0x38A,0,8,00000000be07ff00
2025-09-04 04:15:01.078682,1756955701.078683,can1,0x18A,0,8,7b13454e70000000
2025-09-04 04:15:01.104601,1756955701.104602,can1,0x20A,0,8,004c010052a00001
2025-09-04 04:15:01.104984,1756955701.104985,can1,0x30A,0,8,00000000004e3002
2025-09-04 04:15:01.117236,1756955701.117237,can1,0x701,0,1,05
2025-09-04 04:15:01.217232,1756955701.217232,can1,0x701,0,1,05
2025-09-04 04:15:01.277166,1756955701.277167,can1,0x18A,0,8,7b13454e70000000
2025-09-04 04:15:01.317248,1756955701.317249,can1,0x701,0,1,05
2025-09-04 04:15:01.354901,1756955701.354901,can1,0x20A,0,8,004c010052a00001
2025-09-04 04:15:01.355313,1756955701.355314,can1,0x30A,0,8,00000000004e3002
2025-09-04 04:15:01.417303,1756955701.417303,can1,0x701,0,1,05
2025-09-04 04:15:01.477112,1756955701.477113,can1,0x18A,0,8,7b13454e70000000
2025-09-04 04:15:01.517320,1756955701.517321,can1,0x701,0,1,05
2025-09-04 04:15:01.604791,1756955701.604791,can1,0x20A,0,8,004c010052a00001
2025-09-04 04:15:01.605169,1756955701.605170,can1,0x30A,0,8,00000000004e3002
2025-09-04 04:15:01.617354,1756955701.617354,can1,0x701,0,1,05
2025-09-04 04:15:01.677173,1756955701.677173,can1,0x18A,0,8,7b13444e70000000
2025-09-04 04:15:01.717448,1756955701.717449,can1,0x701,0,1,05
2025-09-04 04:15:01.817453,1756955701.817453,can1,0x701,0,1,05
2025-09-04 04:15:01.854940,1756955701.854941,can1,0x20A,0,8,004c010052a00001
2025-09-04 04:15:01.855346,1756955701.855347,can1,0x30A,0,8,00000000004e3002
2025-09-04 04:15:01.877186,1756955701.877187,can1,0x18A,0,8,7b13464e70000000
2025-09-04 04:15:01.917475,1756955701.917476,can1,0x701,0,1,05
2025-09-04 04:15:02.017505,1756955702.017505,can1,0x701,0,1,05
2025-09-04 04:15:02.076961,1756955702.076962,can1,0x70A,0,1,05
2025-09-04 04:15:02.077170,1756955702.077171,can1,0x28A,0,8,0000000000000000
2025-09-04 04:15:02.077417,1756955702.077417,can1,0x38A,0,8,00000000bf07ff00
2025-09-04 04:15:02.078724,1756955702.078724,can1,0x18A,0,8,7b13454e70000000
2025-09-04 04:15:02.104792,1756955702.104792,can1,0x20A,0,8,004c010052a00001
2025-09-04 04:15:02.105171,1756955702.105171,can1,0x30A,0,8,00000000004e3002
2025-09-04 04:15:02.117524,1756955702.117524,can1,0x701,0,1,05
2025-09-04 04:15:02.217561,1756955702.217561,can1,0x701,0,1,05
2025-09-04 04:15:02.277212,1756955702.277212,can1,0x18A,0,8,7b13444e70000000
2025-09-04 04:15:02.317582,1756955702.317583,can1,0x701,0,1,05
2025-09-04 04:15:02.354852,1756955702.354853,can1,0x20A,0,8,004c010052a00001
2025-09-04 04:15:02.355242,1756955702.355242,can1,0x30A,0,8,00000000004e3002
2025-09-04 04:15:02.417665,1756955702.417666,can1,0x701,0,1,05
2025-09-04 04:15:02.477196,1756955702.477196,can1,0x18A,0,8,7b13464e70000000
2025-09-04 04:15:02.517655,1756955702.517656,can1,0x701,0,1,05
2025-09-04 04:15:02.605086,1756955702.605087,can1,0x20A,0,8,004c010052a00001
2025-09-04 04:15:02.605478,1756955702.605478,can1,0x30A,0,8,00000000004e3002
2025-09-04 04:15:02.617689,1756955702.617690,can1,0x701,0,1,05
2025-09-04 04:15:02.677176,1756955702.677176,can1,0x18A,0,8,7b13444e70000000
2025-09-04 04:15:02.717715,1756955702.717716,can1,0x701,0,1,05
2025-09-04 04:15:02.817742,1756955702.817742,can1,0x701,0,1,05
2025-09-04 04:15:02.854844,1756955702.854845,can1,0x20A,0,8,004c010052a00001
2025-09-04 04:15:02.855271,1756955702.855271,can1,0x30A,0,8,00000000004e3002
2025-09-04 04:15:02.877210,1756955702.877211,can1,0x18A,0,8,7b13444e70000000
2025-09-04 04:15:02.917776,1756955702.917777,can1,0x701,0,1,05
2025-09-04 04:15:03.017793,1756955703.017793,can1,0x701,0,1,05
2025-09-04 04:15:03.077020,1756955703.077021,can1,0x70A,0,1,05
2025-09-04 04:15:03.077232,1756955703.077232,can1,0x28A,0,8,0000000000000000
2025-09-04 04:15:03.077502,1756955703.077502,can1,0x38A,0,8,00000000be07ff00
2025-09-04 04:15:03.078757,1756955703.078757,can1,0x18A,0,8,7b13444e70000000
2025-09-04 04:15:03.105024,1756955703.105025,can1,0x20A,0,8,004c010052a00001
2025-09-04 04:15:03.105438,1756955703.105438,can1,0x30A,0,8,00000000004e3002
2025-09-04 04:15:03.117827,1756955703.117827,can1,0x701,0,1,05
2025-09-04 04:15:03.217851,1756955703.217852,can1,0x701,0,1,05
2025-09-04 04:15:03.277187,1756955703.277188,can1,0x18A,0,8,7b13434e70000000
2025-09-04 04:15:03.317905,1756955703.317905,can1,0x701,0,1,05
2025-09-04 04:15:03.354817,1756955703.354818,can1,0x20A,0,8,004c010052a00001
2025-09-04 04:15:03.355227,1756955703.355228,can1,0x30A,0,8,00000000004e3002
2025-09-04 04:15:03.418043,1756955703.418044,can1,0x701,0,1,05
2025-09-04 04:15:03.477256,1756955703.477257,can1,0x18A,0,8,7b13464e70000000
2025-09-04 04:15:03.517973,1756955703.517974,can1,0x701,0,1,05
2025-09-04 04:15:03.604801,1756955703.604801,can1,0x20A,0,8,004c010052a00001
2025-09-04 04:15:03.605212,1756955703.605213,can1,0x30A,0,8,00000000004e3002
2025-09-04 04:15:03.617993,1756955703.617993,can1,0x701,0,1,05
2025-09-04 04:15:03.677237,1756955703.677237,can1,0x18A,0,8,7b13464e70000000
2025-09-04 04:15:03.718029,1756955703.718029,can1,0x701,0,1,05
2025-09-04 04:15:03.818234,1756955703.818235,can1,0x701,0,1,05
2025-09-04 04:15:03.854564,1756955703.854565,can1,0x20A,0,8,004c010052a00001
2025-09-04 04:15:03.854964,1756955703.854964,can1,0x30A,0,8,00000000004e3002
2025-09-04 04:15:03.877131,1756955703.877131,can1,0x18A,0,8,7b13444e70000000
2025-09-04 04:15:03.918164,1756955703.918165,can1,0x701,0,1,05
2025-09-04 04:15:04.018188,1756955704.018189,can1,0x701,0,1,05
2025-09-04 04:15:04.077016,1756955704.077016,can1,0x70A,0,1,05
2025-09-04 04:15:04.077225,1756955704.077226,can1,0x28A,0,8,0000000000000000
2025-09-04 04:15:04.078770,1756955704.078771,can1,0x38A,0,8,00000000be07ff00
2025-09-04 04:15:04.078917,1756955704.078918,can1,0x18A,0,8,7b13454e70000000
2025-09-04 04:15:04.104827,1756955704.104828,can1,0x20A,0,8,004c010052a00001
2025-09-04 04:15:04.105221,1756955704.105221,can1,0x30A,0,8,00000000004e3002
2025-09-04 04:15:04.118218,1756955704.118218,can1,0x701,0,1,05
2025-09-04 04:15:04.218245,1756955704.218246,can1,0x701,0,1,05
2025-09-04 04:15:04.277201,1756955704.277201,can1,0x18A,0,8,7b13454e70000000
2025-09-04 04:15:04.318275,1756955704.318276,can1,0x701,0,1,05
2025-09-04 04:15:04.354805,1756955704.354806,can1,0x20A,0,8,004c010052a00001
2025-09-04 04:15:04.355197,1756955704.355198,can1,0x30A,0,8,00000000004e3002
2025-09-04 04:15:04.418349,1756955704.418349,can1,0x701,0,1,05
2025-09-04 04:15:04.477179,1756955704.477180,can1,0x18A,0,8,7b13454e70000000
2025-09-04 04:15:04.518449,1756955704.518449,can1,0x701,0,1,05
2025-09-04 04:15:04.604897,1756955704.604897,can1,0x20A,0,8,004c010052a00001
2025-09-04 04:15:04.605304,1756955704.605305,can1,0x30A,0,8,00000000004e3002
2025-09-04 04:15:04.618461,1756955704.618462,can1,0x701,0,1,05
2025-09-04 04:15:04.677240,1756955704.677240,can1,0x18A,0,8,7b13454e70000000
2025-09-04 04:15:04.718514,1756955704.718514,can1,0x701,0,1,05
2025-09-04 04:15:04.818505,1756955704.818506,can1,0x701,0,1,05
2025-09-04 04:15:04.855609,1756955704.855609,can1,0x20A,0,8,004c010052a00001
2025-09-04 04:15:04.856024,1756955704.856024,can1,0x30A,0,8,00000000004e3002
2025-09-04 04:15:04.877322,1756955704.877323,can1,0x18A,0,8,7b13464e70000000
2025-09-04 04:15:04.918626,1756955704.918627,can1,0x701,0,1,05
2025-09-04 04:15:05.018668,1756955705.018669,can1,0x701,0,1,05
2025-09-04 04:15:05.077110,1756955705.077111,can1,0x70A,0,1,05
2025-09-04 04:15:05.077311,1756955705.077312,can1,0x28A,0,8,0000000000000000
2025-09-04 04:15:05.077558,1756955705.077559,can1,0x38A,0,8,00000000bc07ff00
2025-09-04 04:15:05.079015,1756955705.079015,can1,0x18A,0,8,7b13444e70000000
2025-09-04 04:15:05.105299,1756955705.105300,can1,0x20A,0,8,004c010052a00001
2025-09-04 04:15:05.105768,1756955705.105768,can1,0x30A,0,8,00000000004e3002
2025-09-04 04:15:05.118722,1756955705.118722,can1,0x701,0,1,05
2025-09-04 04:15:05.218759,1756955705.218759,can1,0x701,0,1,05
2025-09-04 04:15:05.277361,1756955705.277361,can1,0x18A,0,8,7b13444e70000000
2025-09-04 04:15:05.318798,1756955705.318799,can1,0x701,0,1,05
2025-09-04 04:15:05.354831,1756955705.354832,can1,0x20A,0,8,004c010052a00001
2025-09-04 04:15:05.355282,1756955705.355283,can1,0x30A,0,8,00000000004e3002
2025-09-04 04:15:05.418837,1756955705.418837,can1,0x701,0,1,05
2025-09-04 04:15:05.477383,1756955705.477384,can1,0x18A,0,8,7b13454e70000000
2025-09-04 04:15:05.518864,1756955705.518864,can1,0x701,0,1,05
2025-09-04 04:15:05.605085,1756955705.605085,can1,0x20A,0,8,004c010052a00001
2025-09-04 04:15:05.605527,1756955705.605528,can1,0x30A,0,8,00000000004e3002
2025-09-04 04:15:05.618935,1756955705.618935,can1,0x701,0,1,05
2025-09-04 04:15:05.677332,1756955705.677332,can1,0x18A,0,8,7c13464e70000000
2025-09-04 04:15:05.719576,1756955705.719577,can1,0x701,0,1,05
2025-09-04 04:15:05.819068,1756955705.819068,can1,0x701,0,1,05
2025-09-04 04:15:05.855484,1756955705.855484,can1,0x20A,0,8,004c010052a00001
2025-09-04 04:15:05.856818,1756955705.856818,can1,0x30A,0,8,00000000004e3002
2025-09-04 04:15:05.877385,1756955705.877385,can1,0x18A,0,8,7c13454e70000000
2025-09-04 04:15:05.919080,1756955705.919080,can1,0x701,0,1,05
2025-09-04 04:15:06.019119,1756955706.019119,can1,0x701,0,1,05
2025-09-04 04:15:06.077178,1756955706.077179,can1,0x70A,0,1,05
2025-09-04 04:15:06.077392,1756955706.077393,can1,0x28A,0,8,0000000000000000
2025-09-04 04:15:06.077614,1756955706.077615,can1,0x38A,0,8,00000000ba07ff00
2025-09-04 04:15:06.079007,1756955706.079008,can1,0x18A,0,8,7c13454e70000000
2025-09-04 04:15:06.277320,1756955706.277321,can1,0x18A,0,8,7b13454e70000000
2025-09-04 04:15:06.361182,1756955706.361183,can1,0x08A,0,8,3081012080000000
2025-09-04 04:15:06.477391,1756955706.477392,can1,0x18A,0,8,7b13464e50000000
2025-09-04 04:15:06.677359,1756955706.677360,can1,0x18A,0,8,7b13464e50000000
2025-09-04 04:15:06.877335,1756955706.877335,can1,0x18A,0,8,7b13444e50000000
2025-09-04 04:15:07.077218,1756955707.077219,can1,0x70A,0,1,05
2025-09-04 04:15:07.077418,1756955707.077419,can1,0x28A,0,8,0000000000000000
2025-09-04 04:15:07.078921,1756955707.078921,can1,0x38A,0,8,00000000b607ff00
2025-09-04 04:15:07.079115,1756955707.079115,can1,0x18A,0,8,7b13474e50000000
2025-09-04 04:15:07.277385,1756955707.277386,can1,0x18A,0,8,7b13454e50000000
2025-09-04 04:15:07.477354,1756955707.477355,can1,0x18A,0,8,7b13474e50000000
2025-09-04 04:15:07.677393,1756955707.677393,can1,0x18A,0,8,7b13444e50000000
2025-09-04 04:15:07.877445,1756955707.877445,can1,0x18A,0,8,7b13464e50000000
2025-09-04 04:15:08.033241,1756955708.033242,can1,0x08A,0,8,3081011e80000000
2025-09-04 04:15:08.077270,1756955708.077271,can1,0x70A,0,1,7f
2025-09-04 04:15:09.078734,1756955709.078735,can1,0x70A,0,1,7f
2025-09-04 04:15:10.078869,1756955710.078870,can1,0x70A,0,1,7f
